245, 2177
247, 2177
248, 2177
249, 2177
251, 2177
252, 2177
255, 2177
256, 2177
257, 2177
464, 2099
466, 2099
467, 2099
556, 1984
557, 1984
558, 1984
559, 1984
561, 1984
752, 2099
753, 2099
754, 2099
755, 2099
756, 2293
757, 2293
776, 2099
928, 2177
929, 2177
930, 2177
931, 2177
934, 2177
938, 2177
940, 2177
941, 2177
943, 2177
944, 2177
945, 2177
946, 2177
950, 2177
951, 2177
962, 2177
964, 2177
965, 2177
1278, 2137
1279, 2137
1282, 2137
1283, 2137
1285, 2137
1286, 2137
1291, 2137
1292, 2137
1294, 2137
1295, 2137
1296, 1943
1298, 1943
1299, 1943
1300, 1943
1301, 1943
1302, 2060
1305, 2060
1306, 2060
1307, 2060
1309, 2060
1310, 2060
1312, 2060
1319, 1943
1323, 1943
1360, 2137
1361, 2137
1363, 2137
1365, 2137
1367, 2137
1369, 2099
1375, 2099
1379, 2099
1381, 2099
1382, 2099
1384, 2099
1385, 2099
1387, 2099
1388, 2099
1389, 2099
1390, 2099
1391, 2099
1392, 2099
1393, 2293
1394, 2293
1395, 2293
1396, 2293
1397, 2137
1404, 2293
1407, 2293
1413, 2293
1414, 2293
1418, 2293
1419, 2293
1420, 2293
1421, 2293
1422, 2293
1428, 2293
1445, 2177
1476, 2177
1493, 2177
1494, 2177
1495, 2177
1505, 2099
1506, 2099
1513, 1943
1514, 1943
1517, 1943
1518, 2060
1519, 1827
1521, 1827
1522, 1827
1534, 1827
1535, 1827
1540, 1827
1852, 2060
1853, 2060
1854, 2060
1855, 2060
1858, 2060
1859, 2060
1861, 2060
2067, 2293
2068, 2293
2343, 2177
2344, 2177
2346, 2293
2347, 2293
2348, 2137
2353, 2137
2354, 2137
2355, 2137
2356, 2137
2357, 2137
2358, 2137
2359, 2137
2363, 1827
2364, 1827
2380, 2137
2387, 2293
2396, 2293
2397, 2293
2401, 2293
2402, 2293
2403, 2293
2405, 2293
2406, 2293
2418, 2060
2423, 2099
2424, 2099
2425, 2099
2427, 2099
2428, 2099
2429, 2099
2430, 2099
2442, 2099
2443, 2099
2444, 2099
2445, 2099
2460, 2099
2461, 2099
2463, 2099
2465, 2099
2466, 2099
2467, 2099
2468, 2099
2474, 2099
2475, 2099
2477, 2099
2478, 2099
2479, 2099
2546, 1984
2547, 1984
2548, 1984
2562, 1984
2563, 1984
2564, 1984
2565, 1984
2567, 1984
2568, 1984
2569, 1984
2570, 1984
2574, 1984
2577, 1984
2610, 1827
2614, 1827
2615, 1827
2626, 2060
2628, 2060
2629, 2060
2630, 2060
2631, 2060
2632, 2060
2633, 2060
2634, 2060
2635, 2060
2636, 2060
2637, 2060
2638, 2060
2639, 2060
2644, 2060
2649, 2060
2650, 2060
2651, 2060
2652, 2060
2653, 2060
2654, 2060
2656, 2060
2657, 2060
2662, 2293
2664, 2293
2665, 2293
2666, 2293
2667, 2137
2668, 2137
2669, 2293
2670, 2293
2671, 2293
2672, 2293
2677, 2293
2680, 2137
2681, 2293
2682, 2293
2689, 2293
2739, 2137
2741, 2137
2743, 2137
2744, 2137
2745, 2137
2747, 2137
2748, 1943
2805, 2099
2806, 2099
2813, 2177
2815, 2177
2816, 2177
2817, 2177
2821, 2177
2824, 2177
2825, 2177
2826, 2177
2827, 2177
2828, 2177
2829, 2177
2830, 2099
2887, 2177
2888, 2177
2890, 2177
2932, 2177
2933, 2177
2934, 2177
2935, 2099
2936, 2099
2937, 2099
2939, 2099
2940, 2177
2941, 2177
3132, 2137
3143, 2099
3146, 2099
3153, 2099
3169, 2099
3171, 2099
3172, 2099
3188, 2099
3189, 2177
3191, 2177
3194, 2177
3614, 2293
3615, 2293
3616, 2293
3617, 2099
3618, 2177
3622, 2177
3623, 2177
3624, 2177
4069, 1827
4070, 1827
4160, 1827
4161, 1827
4162, 1827
4163, 1827
4164, 2060
4166, 2060
4169, 2060
4170, 2060
4172, 2060
4182, 1827
4183, 1827
4184, 1827
4367, 2099
4369, 2099
4371, 2137
4372, 2293
4376, 2293
4378, 2293
4381, 2293
4382, 2293
4384, 2293
4385, 2293
4389, 2293
4390, 2293
4404, 2293
4405, 2137
4408, 2137
4409, 2293
4784, 2177
4787, 2177
4801, 2099
4803, 2099
4804, 2099
4806, 2099
4807, 2099
4808, 2099
4813, 2099
4814, 2099
4824, 2099
4826, 2099
4828, 2099
4830, 2099
4831, 2099
4833, 2099
4834, 2099
4835, 2099
4836, 2099
4837, 2099
4838, 2177
4839, 2099
4840, 2293
4844, 2177
4852, 2177
4853, 2177
4860, 2177
4861, 2099
4862, 2099
4865, 2099
4891, 2099
4892, 2099
4899, 2099
4900, 2099
4901, 2099
4902, 2099
4904, 2099
4905, 2177
4907, 2177
4909, 2177
4911, 2177
5069, 2177
5071, 2177
5082, 2177
5083, 2177
5084, 2177
5090, 2177
5093, 2177
5094, 2177
5097, 2177
5098, 2177
5099, 2177
5100, 2177
5104, 2177
5134, 2177
5327, 2099
5328, 2177
5329, 2177
5332, 2177
5333, 2177
5334, 2177
5335, 2177
5336, 2177
5338, 2177
5339, 2177
5340, 2177
5342, 2177
5343, 2177
5344, 2177
5350, 2177
5352, 2177
5379, 2177
5380, 2177
5381, 2177
5382, 2177
5385, 2293
5386, 2293
5387, 2293
5388, 2293
5391, 2293
5392, 2293
5393, 2293
5394, 2293
5397, 2293
5398, 2293
5501, 1984
5503, 1984
5505, 1984
5515, 1984
5516, 1984
5520, 1984
5521, 1984
5522, 1984
5523, 1984
5524, 1984
5527, 1984
5529, 1984
5530, 1984
5532, 1984
5533, 1984
5534, 1984
5555, 1984
5557, 1984
5568, 1984
5569, 1984
5570, 1984
5571, 1984
5803, 2177
5971, 1984
5980, 1984
5982, 1984
5983, 1984
5984, 1984
5985, 1984
5986, 1984
5987, 1984
5993, 1984
5994, 1984
6013, 1984
6014, 1984
6018, 1984
6020, 1984
6024, 1984
6025, 1984
6026, 1984
6027, 1984
6028, 1984
6029, 1984
6030, 1984
6032, 1984
6033, 1984
6035, 1984
6046, 1984
6052, 1984
6055, 1984
6174, 1984
6178, 1984
6180, 1984
6182, 1984
6213, 1984
6214, 1984
6215, 1984
6219, 1984
6220, 1984
6229, 1984
6242, 1984
6243, 1984
6247, 1984
6248, 1984
6251, 1984
6253, 1984
6255, 1984
6256, 1984
6257, 1984
6258, 1984
6259, 1984
6367, 2060
6368, 2060
6369, 2060
6372, 2060
6400, 2099
6402, 2099
6403, 2099
6405, 2099
6406, 2099
6407, 2177
6408, 2177
6410, 2177
6412, 2177
6413, 2177
6414, 2177
6415, 2177
6423, 2177
6424, 2177
6425, 2177
6427, 2177
6428, 2099
6429, 2099
6430, 2099
6469, 2293
6470, 2293
6479, 2293
6580, 2099
6600, 2099
6601, 2099
6602, 2099
6603, 2177
6604, 2177
6606, 2293
6607, 2293
6608, 2293
6610, 2293
6611, 2293
6612, 2293
6613, 2293
6614, 2293
6914, 2293
6915, 2293
6916, 2293
6917, 2293
6918, 2293
6919, 2293
6920, 2293
6921, 2293
6922, 2293
6923, 2293
6924, 2293
6925, 2293
6926, 2293
6927, 2293
6928, 2293
6929, 2293
6930, 2293
6931, 2293
6932, 2293
6933, 2293
6934, 2293
6935, 2137
6936, 2137
6937, 2137
6938, 2137
6939, 2137
6940, 2137
6941, 2137
6942, 2137
6943, 2293
6944, 2293
6945, 2293
6946, 2293
6947, 2293
6948, 2293
6949, 2137
6950, 2137
6951, 2137
6952, 2137
6953, 2137
6954, 2137
6955, 2137
6956, 2293
6957, 2293
6958, 2293
6959, 2293
6960, 2293
6961, 2293
6962, 2293
6963, 2293
6964, 2293
6965, 2099
6966, 2099
6967, 2099
6968, 2099
6969, 2099
6970, 2099
6971, 2099
6972, 2099
6973, 2099
6974, 2177
6975, 2177
6976, 2177
6977, 2177
6978, 2177
6979, 2177
6980, 2177
6981, 2177
6982, 2177
6983, 2177
6984, 2177
6985, 2177
6986, 2177
6987, 2177
6988, 2177
6989, 2177
6990, 2099
6991, 2099
6992, 2099
6993, 2099
6994, 2099
6995, 2099
6996, 2099
6997, 2099
6998, 2099
6999, 2099
7000, 2099
7001, 2099
7002, 2099
7003, 2099
7004, 2099
7005, 2099
7006, 2099
7007, 2099
7008, 2099
7009, 2099
7010, 2099
7011, 2099
7012, 2099
7013, 2099
7014, 2099
7015, 2293
7016, 2293
7017, 2293
7018, 2099
7019, 2099
7020, 2099
7021, 2099
7022, 2099
7023, 2099
7024, 2099
7025, 2099
7026, 2099
7027, 2099
7028, 2099
7029, 2099
7030, 2099
7031, 2099
7032, 2099
7033, 2099
7034, 2099
7035, 2099
7036, 2099
7037, 2177
7038, 2177
7039, 2177
7040, 2177
7041, 2177
7042, 2177
7043, 2177
7044, 2177
7045, 2177
7046, 2177
7047, 2177
7048, 2177
7049, 2177
7050, 2177
7051, 2177
7052, 2177
7053, 2177
7054, 2177
7055, 2177
7056, 2177
7057, 2177
7058, 2177
7059, 2177
7060, 2177
7061, 2177
7062, 2177
7063, 2177
7064, 2177
7065, 2177
7066, 2177
7067, 2177
7068, 2177
7069, 2099
7070, 2099
7071, 2099
7072, 2099
7073, 2099
7074, 2099
7075, 2099
7076, 2177
7077, 2177
7078, 2177
7079, 2177
7080, 2177
7081, 2177
7082, 2177
7083, 2177
7084, 2177
7085, 2177
7086, 2177
7087, 2177
7088, 2177
7089, 2177
7090, 2177
7091, 2177
7092, 2177
7093, 2177
7094, 2177
7095, 2177
7096, 2177
7097, 2177
7098, 2177
7099, 2099
7100, 2099
7101, 2099
7102, 2099
7103, 2099
7104, 2099
7105, 2099
7106, 2099
7107, 2099
7108, 2099
7109, 2099
7110, 2099
7111, 2099
7112, 2099
7113, 2099
7114, 2099
7115, 2099
7116, 2099
7117, 2099
7118, 2099
7119, 2099
7120, 2099
7121, 2099
7122, 2099
7123, 2099
7124, 2099
7125, 2099
7126, 2099
7127, 2099
7128, 2099
7129, 2099
7130, 2099
7131, 2099
7132, 2099
7133, 2099
7134, 2099
7135, 2099
7136, 2099
7137, 2099
7138, 2099
7139, 2099
7140, 2099
7141, 2099
7142, 2099
7143, 2099
7144, 2099
7145, 2099
7146, 2099
7147, 2099
7148, 2099
7149, 2293
7150, 2293
7151, 2293
7152, 2293
7153, 2293
7154, 2293
7155, 2293
7156, 2293
7157, 2293
7158, 2293
7159, 2293
7160, 2293
7161, 2293
7162, 2293
7163, 2293
7164, 2293
7165, 2293
7166, 2293
7167, 2293
7168, 2293
7169, 2293
7170, 2293
7171, 2293
7172, 2293
7173, 2293
7174, 2293
7175, 2293
7176, 2293
7177, 2293
7178, 2293
7179, 2293
7180, 2293
7181, 2293
7182, 2293
7183, 2293
7184, 2293
7185, 2293
7186, 2293
7187, 2099
7188, 2099
7189, 2099
7190, 2099
7191, 2099
7192, 2099
7193, 2099
7194, 2099
7195, 2099
7196, 2099
7197, 2099
7198, 2293
7199, 2293
7200, 2293
7201, 2293
7202, 2293
7203, 2293
7204, 2293
7205, 2293
7206, 2293
7207, 2293
7208, 2293
7209, 2293
7210, 2293
7211, 2293
7212, 2293
7213, 2293
7214, 2293
7215, 2293
7216, 2293
7217, 2293
7218, 2293
7219, 2293
7220, 2293
7221, 2293
7222, 2293
7223, 2293
7224, 2293
7225, 2293
7226, 2293
7227, 2293
7228, 2293
7229, 2293
7230, 2099
7231, 2099
7232, 2099
7233, 2099
7234, 2099
7235, 2099
7236, 2099
7237, 2099
7238, 2293
7239, 2293
7240, 2293
7241, 2293
7242, 2293
7243, 2293
7244, 2293
7245, 2293
7246, 2293
7247, 2293
7248, 2099
7249, 2177
7250, 2177
7251, 2177
7252, 2177
7253, 2177
7254, 2177
7255, 2177
7256, 2177
7257, 2177
7258, 2177
7259, 2177
7260, 2177
7261, 2177
7262, 2177
7263, 2177
7264, 2177
7265, 2177
7266, 2177
7267, 2177
7268, 2099
7269, 2099
7270, 2099
7271, 2099
7272, 2099
7273, 2099
7274, 2099
7275, 2099
7276, 2099
7277, 2099
7278, 2177
7279, 2177
7280, 2177
7281, 2177
7282, 2177
7283, 2177
7284, 2177
7285, 2177
7286, 2177
7287, 2177
7288, 2177
7289, 2177
7290, 2177
7291, 2177
7292, 2177
7293, 2177
7294, 2177
7295, 2177
7296, 2177
7297, 2177
7298, 2177
7299, 2177
7300, 2177
7301, 2177
7302, 2177
7303, 2177
7304, 2177
7305, 2177
7306, 2177
7307, 2177
7308, 2177
7309, 2177
7310, 2177
7311, 2177
7312, 2177
7313, 2177
7314, 2177
7315, 2177
7316, 2177
7317, 2177
7318, 2177
7319, 2099
7320, 2099
7321, 2099
7322, 2099
7323, 2099
7324, 2099
7325, 2099
7326, 2099
7327, 2099
7328, 2099
7329, 2099
7330, 2099
7331, 2099
7332, 2099
7333, 2099
7334, 2099
7335, 2293
7336, 2293
7337, 2293
7338, 2293
7339, 2293
7340, 2293
7341, 2293
7342, 2293
7343, 2293
7344, 2293
7345, 2293
7346, 2293
7347, 2293
7348, 2293
7349, 2293
7350, 2293
7351, 2293
7352, 2293
7353, 2293
7354, 2293
7355, 2293
7356, 2293
7357, 2293
7358, 2293
7359, 2293
7360, 2293
7361, 2137
7362, 2137
7363, 2137
7364, 2137
7365, 2137
7366, 2293
7367, 2293
7368, 2293
7369, 2293
7370, 2293
7371, 2293
7372, 2137
7373, 2293
7374, 2293
7375, 2293
7376, 2293
7377, 2293
7378, 2293
7379, 2293
7380, 2099
7381, 2099
7382, 2099
7383, 2099
7384, 2099
7385, 2099
7386, 2099
7387, 2099
7388, 2099
7389, 2099
7390, 2099
7391, 2099
7392, 2099
7393, 2099
7394, 2293
7395, 2293
7396, 2293
7397, 2293
7398, 2293
7399, 2293
7400, 2293
7401, 2293
7402, 2293
7403, 2293
7404, 2293
7405, 2293
7406, 2293
7407, 2293
7408, 2293
7409, 2293
7410, 2099
7411, 2099
7412, 2099
7413, 2099
7414, 2099
7415, 2099
7416, 2099
7417, 2099
7418, 2099
7419, 2099
7420, 2099
7421, 2099
7422, 2099
7423, 2099
7424, 2099
7425, 2099
7426, 2099
7427, 2099
7428, 2099
7429, 2099
7430, 2099
7431, 2099
7432, 2177
7433, 2177
7434, 2177
7435, 2177
7436, 2177
7437, 2177
7438, 2177
7439, 2177
7440, 2177
7441, 2177
7442, 2177
7443, 2177
7444, 2177
7445, 2177
7446, 2177
7447, 2177
7448, 2177
7449, 2177
7450, 2177
7451, 2177
7452, 2177
7453, 2177
7454, 2177
7455, 2177
7456, 2177
7457, 2177
7458, 2177
7459, 2177
7460, 2099
7461, 2099
7462, 2099
7463, 2099
7464, 2099
7465, 2099
7466, 2099
7467, 2099
7468, 2099
7469, 2099
7470, 2099
7471, 2099
7472, 2099
7473, 2099
7474, 2177
7475, 2177
7476, 2177
7477, 2177
7478, 2177
7479, 2177
7480, 2099
7481, 2099
7482, 2099
7483, 2099
7484, 2099
7485, 2099
7486, 2099
7487, 2099
7488, 2099
7489, 2099
7490, 2099
7491, 2099
7492, 2099
7493, 2099
7494, 2099
7495, 2293
7496, 2293
7497, 2293
7498, 2099
7499, 2099
7500, 2099
7501, 2099
7502, 2099
7503, 2099
7504, 2099
7505, 2099
7506, 2099
7507, 2099
7508, 2099
7509, 2099
7510, 2099
7511, 2099
7512, 2099
7513, 2099
7514, 2099
7515, 2099
7516, 2099
7517, 2099
7518, 2099
7519, 2099
7520, 2099
7521, 2099
7522, 2099
7523, 2099
7524, 2099
7525, 2099
7526, 2099
7527, 2099
7528, 2099
7529, 2099
7530, 2099
7531, 2099
7532, 2099
7533, 2099
7534, 2099
7535, 2293
7536, 2293
7537, 2293
7538, 2293
7539, 2293
7540, 2293
7541, 2293
7542, 2293
7543, 2293
7544, 2293
7545, 2293
7546, 2293
7547, 2293
7548, 2293
7549, 2293
7550, 2293
7551, 2293
7552, 2293
7553, 2293
7554, 2293
7555, 2293
7556, 2293
7557, 2293
7558, 2293
7559, 2293
7560, 2293
7561, 2293
7562, 2293
7563, 2293
7564, 2293
7565, 2293
7566, 2293
7567, 2293
7568, 2293
7569, 2293
7570, 2293
7571, 2293
7572, 2293
7573, 2293
7574, 2293
7575, 2293
7576, 2293
7577, 2293
7578, 2293
7579, 2293
7580, 2293
7581, 2293
7582, 2293
7583, 2293
7584, 2293
7585, 2137
7586, 2137
7587, 2137
7588, 2137
7589, 2137
7590, 2137
7591, 2137
7592, 2137
7593, 2137
7594, 2137
7595, 2137
7596, 2137
7597, 2137
7598, 2137
7599, 2137
7600, 2137
7601, 2137
7602, 2137
7603, 2137
7604, 2137
7605, 2137
7606, 2137
7607, 2137
7608, 2137
7609, 2137
7610, 2137
7611, 2137
7612, 2137
7613, 2137
7614, 2137
7615, 2137
7616, 2137
7617, 2137
7618, 2137
7619, 2293
7620, 2293
7621, 2293
7622, 2293
7623, 2293
7624, 2293
7625, 2293
7626, 2293
7627, 2293
7628, 2293
7629, 2293
7630, 2293
7631, 2293
7632, 2293
7633, 2137
7634, 2137
7635, 2137
7636, 2137
7637, 2137
7638, 2137
7639, 2137
7640, 2137
7641, 2137
7642, 2137
7643, 2137
7644, 2137
7645, 2137
7646, 2137
7647, 2137
7648, 2137
7649, 2137
7650, 2137
7651, 2137
7652, 2137
7653, 2137
7654, 2137
7655, 2137
7656, 2137
7657, 2137
7658, 2137
7659, 2137
7660, 2137
7661, 2137
7662, 2137
7663, 2137
7664, 2137
7665, 1943
7666, 1943
7667, 1943
7668, 1943
7669, 1943
7670, 1943
7671, 1943
7672, 1943
7673, 1943
7674, 1943
7675, 1943
7676, 1943
7677, 1943
7678, 2137
7679, 2137
7680, 2137
7681, 2137
7682, 2137
7683, 2137
7684, 2137
7685, 2137
7686, 2137
7687, 2137
7688, 2137
7689, 2137
7690, 2137
7691, 2137
7692, 2137
7693, 2137
7694, 2137
7695, 2137
7696, 2137
7697, 2137
7698, 2137
7699, 2137
7700, 2137
7701, 2137
7702, 2137
7703, 2137
7704, 2137
7705, 2137
7706, 2137
7707, 2137
7708, 2137
7709, 2137
7710, 2137
7711, 2137
7712, 2137
7713, 2137
7714, 2137
7715, 2137
7716, 2137
7717, 2137
7718, 2137
7719, 2137
7720, 2137
7721, 2137
7722, 2137
7723, 2137
7724, 2137
7725, 2137
7726, 2137
7727, 2137
7728, 2137
7729, 2137
7730, 2293
7731, 2293
7732, 2293
7733, 2293
7734, 2293
7735, 2293
7736, 2293
7737, 2293
7738, 2293
7739, 2293
7740, 2293
7741, 2137
7742, 2137
7743, 2137
7744, 2137
7745, 2137
7746, 2137
7747, 2137
7748, 2137
7749, 2137
7750, 2137
7751, 2137
7752, 2137
7753, 2137
7754, 2137
7755, 2137
7756, 2137
7757, 2137
7758, 2137
7759, 2137
7760, 2137
7761, 2137
7762, 2137
7763, 2137
7764, 2137
7765, 2137
7766, 2137
7767, 2137
7768, 2137
7769, 2137
7770, 2137
7771, 2137
7772, 2137
7773, 2137
7774, 2137
7775, 2137
7776, 2137
7777, 2137
7778, 2137
7779, 2137
7780, 2137
7781, 2137
7782, 2137
7783, 2137
7784, 2137
7785, 2137
7786, 2137
7787, 2137
7788, 2137
7789, 2137
7790, 2137
7791, 2137
7792, 2137
7793, 2137
7794, 2137
7795, 2293
7796, 2293
7797, 2293
7798, 2293
7799, 2293
7800, 2293
7801, 2099
7802, 2099
7803, 2099
7804, 2099
7805, 2099
7806, 2293
7807, 2293
7808, 2293
7809, 2293
7810, 2293
7811, 2293
7812, 2293
7813, 2293
7814, 2293
7815, 2293
7816, 2293
7817, 2293
7818, 2293
7819, 2293
7820, 2293
7821, 2099
7822, 2099
7823, 2099
7824, 2099
7825, 2099
7826, 2099
7827, 2099
7828, 2099
7829, 2099
7830, 2099
7831, 2099
7832, 2099
7833, 2099
7834, 2099
7835, 2099
7836, 2099
7837, 2099
7838, 2099
7839, 2099
7840, 2099
7841, 2099
7842, 2293
7843, 2293
7844, 2293
7845, 2293
7846, 2293
7847, 2293
7848, 2293
7849, 2293
7850, 2293
7851, 2293
7852, 2293
7853, 2293
7854, 2293
7855, 2293
7856, 2293
7857, 2293
7858, 2293
7859, 2293
7860, 2293
7861, 2293
7862, 2293
7863, 2293
7864, 2293
7865, 2293
7866, 2293
7867, 2293
7868, 2293
7869, 2293
7870, 2293
7871, 2293
7872, 2293
7873, 2293
7874, 2137
7875, 2137
7876, 2137
7877, 2137
7878, 2137
7879, 2137
7880, 2137
7881, 2137
7882, 2137
7883, 2137
7884, 2137
7885, 2137
7886, 2137
7887, 2137
7888, 2137
7889, 2137
7890, 2137
7891, 2137
7892, 2137
7893, 2137
7894, 2137
7895, 2137
7896, 2137
7897, 2137
7898, 2137
7899, 2137
7900, 2137
7901, 2137
7902, 2137
7903, 2137
7904, 2137
7905, 2137
7906, 2293
7907, 2293
7908, 2293
7909, 2293
7910, 2293
7911, 2293
7912, 2293
7913, 2293
7914, 2293
7915, 2293
7916, 2293
7917, 2293
7918, 2099
7919, 2099
7920, 2293
7921, 2293
7922, 2293
7923, 2293
7924, 2293
7925, 2293
7926, 2293
7927, 2293
7928, 2293
7929, 2293
7930, 2099
7931, 2099
7932, 2099
7933, 2099
7934, 2099
7935, 2099
7936, 2099
7937, 2099
7938, 2099
7939, 2099
7940, 2099
7941, 2099
7942, 2099
7943, 2099
7944, 2293
7945, 2293
7946, 2293
7947, 2293
7948, 2293
7949, 2293
7950, 2293
7951, 2293
7952, 2293
7953, 2137
7954, 2137
7955, 2137
7956, 2137
7957, 2293
7958, 2293
7959, 2293
7960, 2293
7961, 2293
7962, 2293
7963, 2293
7964, 2293
7965, 2293
7966, 2293
7967, 2293
7968, 2293
7969, 2293
7970, 2293
7971, 2293
7972, 2293
7973, 2293
7974, 2293
7975, 2293
7976, 2293
7977, 2293
7978, 2293
7979, 2293
7980, 2293
7981, 2293
7982, 2293
7983, 2137
7984, 2137
7985, 2137
7986, 2137
7987, 2137
7988, 2137
7989, 2137
7990, 2137
7991, 2137
7992, 2137
7993, 2137
7994, 2137
7995, 2137
7996, 2137
7997, 2137
7998, 2137
7999, 2293
8000, 2293
8001, 2293
8002, 2293
8003, 2293
8004, 2293
8005, 2293
8006, 2293
8007, 2293
8008, 2293
8009, 2293
8010, 2293
8011, 2293
8012, 2293
8013, 2293
8014, 2293
8015, 2293
8016, 2293
8017, 2293
8018, 2293
8019, 2293
8020, 2293
8021, 2293
8022, 2293
8023, 2293
8024, 2293
8025, 2293
8026, 2293
8027, 2293
8028, 2293
8029, 2293
8030, 2293
8031, 2293
8032, 2293
8033, 2293
8034, 2293
8035, 2293
8036, 2293
8037, 2293
8038, 2293
8039, 2293
8040, 2293
8041, 2293
8042, 2293
8043, 2293
8044, 2293
8045, 2293
8046, 2293
8047, 2293
8048, 2293
8049, 2293
8050, 2293
8051, 2137
8052, 2137
8053, 2137
8054, 1943
8055, 1943
8056, 1943
8057, 1943
8058, 1943
8059, 1943
8060, 1943
8061, 2060
8062, 2060
8063, 2060
8064, 2060
8065, 2060
8066, 2060
8067, 2060
8068, 2060
8069, 2060
8070, 2060
8071, 2060
8072, 2060
8073, 1827
8074, 1827
8075, 1827
8076, 1827
8077, 1827
8078, 2060
8079, 2060
8080, 2060
8081, 2060
8082, 2060
8083, 2060
8084, 2060
8085, 2060
8086, 2060
8087, 2060
8088, 2060
8089, 1827
8090, 1827
8091, 1827
8092, 1827
8093, 1827
8094, 1827
8095, 1827
8096, 1827
8097, 1827
8098, 1827
8099, 1827
8100, 1827
8101, 1827
8102, 1827
8103, 1827
8104, 1827
8105, 1827
8106, 1827
8107, 1827
8108, 1827
8109, 1827
8110, 1827
8111, 1827
8112, 1827
8113, 1827
8114, 1827
8115, 1827
8116, 1827
8117, 2060
8118, 2060
8119, 2060
8120, 2060
8121, 2060
8122, 2060
8123, 1943
8124, 1943
8125, 1943
8126, 1943
8127, 1943
8128, 1943
8129, 1943
8130, 1943
8131, 1943
8132, 1943
8133, 1943
8134, 1943
8135, 1943
8136, 1943
8137, 1943
8138, 1943
8139, 1943
8140, 1943
8141, 1943
8142, 1943
8143, 1943
8144, 1943
8145, 1943
8146, 1943
8147, 1943
8148, 2060
8149, 2060
8150, 2060
8151, 2060
8152, 2060
8153, 2060
8154, 2060
8155, 2060
8156, 2060
8157, 1827
8158, 1827
8159, 1827
8160, 1827
8161, 1827
8162, 1827
8163, 2060
8164, 2060
8165, 2060
8166, 2060
8167, 2060
8168, 1943
8169, 1943
8170, 1943
8171, 1943
8172, 1943
8173, 1943
8174, 2060
8175, 2060
8176, 2060
8177, 2060
8178, 2060
8179, 1943
8180, 1943
8181, 1943
8182, 1943
8183, 1943
8184, 1943
8185, 1943
8186, 1943
8187, 1943
8188, 1943
8189, 1943
8190, 2137
8191, 2137
8192, 2137
8193, 2137
8194, 2137
8195, 2137
8196, 2137
8197, 2293
8198, 2137
8199, 2137
8200, 2137
8201, 2137
8202, 2137
8203, 2137
8204, 2137
8205, 2137
8206, 2137
8207, 2137
8208, 2137
8209, 2137
8210, 2137
8211, 2137
8212, 2137
8213, 2137
8214, 2137
8215, 2137
8216, 2137
8217, 2137
8218, 2137
8219, 2137
8220, 2137
8221, 2137
8222, 2137
8223, 2137
8224, 2137
8225, 2137
8226, 2293
8227, 2293
8228, 2293
8229, 2293
8230, 2293
8231, 2293
8232, 2293
8233, 2293
8234, 2293
8235, 2293
8236, 2293
8237, 2293
8238, 2099
8239, 2099
8240, 2099
8241, 2099
8242, 2099
8243, 2099
8244, 2099
8245, 2099
8246, 2293
8247, 2293
8248, 2293
8249, 2293
8250, 2293
8251, 2293
8252, 2293
8253, 2293
8254, 2293
8255, 2293
8256, 2137
8257, 2137
8258, 2137
8259, 2137
8260, 2137
8261, 2137
8262, 2137
8263, 2137
8264, 2137
8265, 2137
8266, 2293
8267, 2293
8268, 2293
8269, 2099
8270, 2099
8271, 2099
8272, 2099
8273, 2099
8274, 2099
8275, 2099
8276, 2099
8277, 2099
8278, 2099
8279, 2099
8280, 2099
8281, 2099
8282, 2099
8283, 2099
8284, 2099
8285, 2099
8286, 2099
8287, 2099
8288, 2099
8289, 2099
8290, 2099
8291, 2099
8292, 2177
8293, 2177
8294, 2177
8295, 2177
8296, 2177
8297, 2177
8298, 2177
8299, 2177
8300, 2177
8301, 2177
8302, 2177
8303, 2177
8304, 2177
8305, 2177
8306, 2177
8307, 2177
8308, 2177
8309, 2177
8310, 2177
8311, 2177
8312, 2177
8313, 2177
8314, 2177
8315, 2177
8316, 2177
8317, 2177
8318, 2177
8319, 2177
8320, 2177
8321, 2177
8322, 2177
8323, 2177
8324, 2177
8325, 2177
8326, 2177
8327, 2177
8328, 2177
8329, 2177
8330, 2177
8331, 2177
8332, 2177
8333, 2177
8334, 2177
8335, 2177
8336, 2177
8337, 2177
8338, 2177
8339, 2177
8340, 2177
8341, 2177
8342, 2177
8343, 2177
8344, 2177
8345, 2177
8346, 2177
8347, 2177
8348, 2177
8349, 2177
8350, 2177
8351, 2177
8352, 2177
8353, 2177
8354, 2177
8355, 2177
8356, 2177
8357, 2177
8358, 2177
8359, 2177
8360, 2177
8361, 2177
8362, 2177
8363, 2177
8364, 2099
8365, 2099
8366, 2099
8367, 2099
8368, 2099
8369, 2099
8370, 2099
8371, 2099
8372, 2099
8373, 2099
8374, 2099
8375, 2099
8376, 2099
8377, 2099
8378, 2099
8379, 2099
8380, 2099
8381, 2099
8382, 2099
8383, 2099
8384, 2099
8385, 2099
8386, 2099
8387, 2099
8388, 2099
8389, 2099
8390, 2099
8391, 2099
8392, 2099
8393, 2099
8394, 2099
8395, 2099
8396, 2099
8397, 2099
8398, 2099
8399, 2099
8400, 2099
8401, 2099
8402, 2099
8403, 2099
8404, 2293
8405, 2293
8406, 2293
8407, 2293
8408, 2293
8409, 2293
8410, 2293
8411, 2293
8412, 2293
8413, 2293
8414, 2293
8415, 2293
8416, 2293
8417, 2293
8418, 2293
8419, 2293
8420, 2293
8421, 2293
8422, 2293
8423, 2293
8424, 2293
8425, 2293
8426, 2293
8427, 2099
8428, 2099
8429, 2099
8430, 2099
8431, 2099
8432, 2099
8433, 2177
8434, 2177
8435, 2177
8436, 2177
8437, 2177
8438, 2177
8439, 2177
8440, 2177
8441, 2177
8442, 2177
8443, 2177
8444, 2177
8445, 2177
8446, 2177
8447, 2177
8448, 2177
8449, 2177
8450, 2177
8451, 2177
8452, 2177
8453, 2177
8454, 2177
8455, 2177
8456, 2177
8457, 2177
8458, 2177
8459, 2177
8460, 2177
8461, 2177
8462, 2177
8463, 2177
8464, 2177
8465, 2177
8466, 2177
8467, 2177
8468, 2177
8469, 2177
8470, 2177
8471, 2177
8472, 2177
8473, 2177
8474, 2177
8475, 2177
8476, 2177
8477, 2177
8478, 2099
8479, 2099
8480, 2099
8481, 2099
8482, 2099
8483, 2099
8484, 2099
8485, 2099
8486, 2099
8487, 2099
8488, 2099
8489, 2099
8490, 2099
8491, 2293
8492, 2293
8493, 2293
8494, 2293
8495, 2293
8496, 2293
8497, 2293
8498, 2293
8499, 2099
8500, 2099
8501, 2099
8502, 2099
8503, 2099
8504, 2099
8505, 2099
8506, 2099
8507, 2099
8508, 2099
8509, 2099
8510, 2099
8511, 2099
8512, 2099
8513, 2177
8514, 2177
8515, 2099
8516, 2099
8517, 2099
8518, 2099
8519, 2099
8520, 2099
8521, 2099
8522, 2099
8523, 2099
8524, 2099
8525, 2177
8526, 2177
8527, 2177
8528, 2177
8529, 2099
8530, 2177
8531, 2177
8532, 2177
8533, 2177
8534, 2177
8535, 2177
8536, 2177
8537, 2177
8538, 2177
8539, 2177
8540, 2177
8541, 2177
8542, 2177
8543, 2177
8544, 2177
8545, 2177
8546, 2177
8547, 2177
8548, 2177
8549, 2177
8550, 2177
8551, 2177
8552, 2099
8553, 2099
8554, 2177
8555, 2177
8556, 2177
8557, 2177
8558, 2177
8559, 2177
8560, 2177
8561, 2177
8562, 2177
8563, 2177
8564, 2099
8565, 2099
8566, 2099
8567, 2099
8568, 2099
8569, 2099
8570, 2099
8571, 2099
8572, 2099
8573, 2099
8574, 2099
8575, 2099
8576, 2177
8577, 2177
8578, 2177
8579, 2177
8580, 2177
8581, 2177
8582, 2177
8583, 2177
8584, 2177
8585, 2177
8586, 2177
8587, 2177
8588, 2177
8589, 2177
8590, 2177
8591, 2177
8592, 2177
8593, 2177
8594, 2177
8595, 2177
8596, 2177
8597, 2177
8598, 2177
8599, 2177
8600, 2177
8601, 2177
8602, 2177
8603, 2177
8604, 2177
8605, 2177
8606, 2177
8607, 2177
8608, 2177
8609, 2177
8610, 2177
8611, 2177
8612, 2177
8613, 2177
8614, 2177
8615, 2177
8616, 2177
8617, 2177
8618, 2177
8619, 2177
8620, 2177
8621, 2177
8622, 2177
8623, 2177
8624, 2177
8625, 2177
8626, 2177
8627, 2177
8628, 2177
8629, 2177
8630, 2177
8631, 2177
8632, 2177
8633, 2177
8634, 2177
8635, 2177
8636, 2177
8637, 2177
8638, 2177
8639, 2177
8640, 2177
8641, 2177
8642, 2177
8643, 2177
8644, 2177
8645, 2177
8646, 2177
8647, 2177
8648, 2177
8649, 2177
8650, 2177
8651, 2177
8652, 2177
8653, 2177
8654, 2177
8655, 2177
8656, 2177
8657, 2177
8658, 2177
8659, 2177
8660, 2177
8661, 2177
8662, 2177
8663, 2177
8664, 2177
8665, 2177
8666, 2177
8667, 2177
8668, 2177
8669, 2177
8670, 2177
8671, 2177
8672, 2177
8673, 2177
8674, 2177
8675, 2177
8676, 2177
8677, 2177
8678, 2177
8679, 2177
8680, 2177
8681, 2177
8682, 2177
8683, 2177
8684, 2099
8685, 2099
8686, 2099
8687, 2099
8688, 2099
8689, 2099
8690, 2099
8691, 2099
8692, 2099
8693, 2099
8694, 2177
8695, 2177
8696, 2177
8697, 2177
8698, 2177
8699, 2177
8700, 2177
8701, 2177
8702, 2177
8703, 2177
8704, 2177
8705, 2177
8706, 2177
8707, 2177
8708, 2177
8709, 2177
8710, 2177
8711, 2177
8712, 2177
8713, 2177
8714, 2177
8715, 2177
8716, 2177
8717, 2177
8718, 2177
8719, 2177
8720, 2177
8721, 2099
8722, 2099
8723, 2177
8724, 2177
8725, 2177
8726, 2177
8727, 2177
8728, 2177
8729, 2177
8730, 2177
8731, 2177
8732, 2177
8733, 2177
8734, 2177
8735, 2177
8736, 2177
8737, 2177
8738, 2177
8739, 2177
8740, 2177
8741, 2177
8742, 2177
8743, 2177
8744, 2177
8745, 2177
8746, 2177
8747, 2177
8748, 2177
8749, 2177
8750, 2177
8751, 2177
8752, 2177
8753, 2177
8754, 2177
8755, 2177
8756, 2177
8757, 2177
8758, 2177
8759, 2177
8760, 2177
8761, 2177
8762, 2177
8763, 2177
8764, 2177
8765, 2177
8766, 2177
8767, 2177
8768, 2177
8769, 2177
8770, 2177
8771, 2177
8772, 2177
8773, 2177
8774, 2177
8775, 2177
8776, 2177
8777, 2177
8778, 2177
8779, 2177
8780, 2177
8781, 2177
8782, 2177
8783, 2177
8784, 2177
8785, 2177
8786, 2177
8787, 2177
8788, 2177
8789, 2177
8790, 2177
8791, 2177
8792, 2177
8793, 2177
8794, 2177
8795, 2177
8796, 2177
8797, 2177
8798, 2177
8799, 2177
8800, 2177
8801, 2177
8802, 2177
8803, 2177
8804, 2177
8805, 2177
8806, 2177
8807, 2177
8808, 2177
8809, 2177
8810, 2177
8811, 2177
8812, 2177
8813, 2177
8814, 2177
8815, 2177
8816, 2177
8817, 2177
8818, 2177
8819, 2177
8820, 2177
8821, 2177
8822, 2177
8823, 2177
8824, 2177
8825, 2177
8826, 2177
8827, 2177
8828, 2177
8829, 2177
8830, 2177
8831, 2177
8832, 2177
8833, 2177
8834, 2177
8835, 2177
8836, 2177
8837, 2177
8838, 2177
8839, 2177
8840, 2177
8841, 2177
8842, 2177
8843, 2177
8844, 2177
8845, 2177
8846, 2177
8847, 2177
8848, 2177
8849, 2177
8850, 2177
8851, 2177
8852, 2177
8853, 2177
8854, 2177
8855, 2177
8856, 2177
8857, 2177
8858, 2177
8859, 2177
8860, 2177
8861, 2177
8862, 2177
8863, 2177
8864, 2177
8865, 2177
8866, 2177
8867, 2177
8868, 2177
8869, 2177
8870, 2177
8871, 2177
8872, 2177
8873, 2177
8874, 2177
8875, 2177
8876, 2177
8877, 2177
8878, 2177
8879, 2177
8880, 2177
8881, 2177
8882, 2177
8883, 2177
8884, 2177
8885, 2177
8886, 2177
8887, 2177
8888, 2177
8889, 2177
8890, 2099
8891, 2099
8892, 2099
8893, 2099
8894, 2099
8895, 2099
8896, 2099
8897, 2099
8898, 2099
8899, 2099
8900, 2099
8901, 2099
8902, 2099
8903, 2099
8904, 2099
8905, 2099
8906, 2099
8907, 2099
8908, 2099
8909, 2099
8910, 2099
8911, 2099
8912, 2099
8913, 2099
8914, 2293
8915, 2293
8916, 2293
8917, 2293
8918, 2293
8919, 2293
8920, 2293
8921, 2293
8922, 2293
8923, 2293
8924, 2293
8925, 2293
8926, 2293
8927, 2293
8928, 2293
8929, 2293
8930, 2293
8931, 2293
8932, 2293
8933, 2293
8934, 2293
8935, 2137
8936, 2137
8937, 2137
8938, 2137
8939, 2137
8940, 2137
8941, 2137
8942, 2137
8943, 2137
8944, 1943
8945, 1943
8946, 1943
8947, 1943
8948, 1943
8949, 1943
8950, 1943
8951, 1943
8952, 2137
8953, 2137
8954, 2137
8955, 2137
8956, 2137
8957, 1943
8958, 1943
8959, 1943
8960, 1943
8961, 1943
8962, 1943
8963, 1943
8964, 1943
8965, 1943
8966, 1943
8967, 1943
8968, 1943
8969, 2137
8970, 2137
8971, 2137
8972, 2137
8973, 2137
8974, 2137
8975, 2137
8976, 2137
8977, 2137
8978, 1943
8979, 1943
8980, 1943
8981, 1943
8982, 2137
8983, 2137
8984, 2137
8985, 2137
8986, 2137
8987, 2137
8988, 2293
8989, 2293
8990, 2293
8991, 2293
8992, 2293
8993, 2137
8994, 2293
8995, 2293
8996, 2293
8997, 2293
8998, 2293
8999, 2293
9000, 2293
9001, 2293
9002, 2293
9003, 2293
9004, 2293
9005, 2293
9006, 2293
9007, 2293
9008, 2293
9009, 2293
9010, 2293
9011, 2293
9012, 2293
9013, 2293
9014, 2293
9015, 2293
9016, 2293
9017, 2293
9018, 2293
9019, 2293
9020, 2293
9021, 2293
9022, 2293
9023, 2293
9024, 2293
9025, 2293
9026, 2293
9027, 2293
9028, 2293
9029, 2293
9030, 2293
9031, 2293
9032, 2293
9033, 2137
9034, 1943
9035, 1943
9036, 1943
9037, 1943
9038, 2137
9039, 2137
9040, 2137
9041, 2137
9042, 2137
9043, 2137
9044, 1943
9045, 1943
9046, 1943
9047, 1943
9048, 1943
9049, 1943
9050, 1943
9051, 1943
9052, 1943
9053, 1943
9054, 1943
9055, 1943
9056, 1943
9057, 1943
9058, 1943
9059, 1943
9060, 1943
9061, 1943
9062, 1943
9063, 1943
9064, 1943
9065, 1943
9066, 1943
9067, 1943
9068, 1943
9069, 1943
9070, 1943
9071, 1943
9072, 1943
9073, 2137
9074, 2137
9075, 2137
9076, 2137
9077, 2137
9078, 2137
9079, 2137
9080, 2137
9081, 2293
9082, 2293
9083, 2293
9084, 2293
9085, 2293
9086, 2293
9087, 2293
9088, 2293
9089, 2293
9090, 2099
9091, 2099
9092, 2099
9093, 2099
9094, 2099
9095, 2099
9096, 2099
9097, 2099
9098, 2099
9099, 2099
9100, 2099
9101, 2293
9102, 2293
9103, 2293
9104, 2293
9105, 2293
9106, 2293
9107, 2293
9108, 2293
9109, 2137
9110, 1943
9111, 1943
9112, 1943
9113, 1943
9114, 1943
9115, 1943
9116, 1943
9117, 1943
9118, 1943
9119, 1943
9120, 1943
9121, 1943
9122, 2137
9123, 2137
9124, 2137
9125, 2137
9126, 2137
9127, 2137
9128, 2137
9129, 2137
9130, 2137
9131, 2137
9132, 2137
9133, 2137
9134, 2137
9135, 2137
9136, 2137
9137, 2137
9138, 2137
9139, 2137
9140, 2137
9141, 2137
9142, 2293
9143, 2293
9144, 2293
9145, 2293
9146, 2293
9147, 2293
9148, 2293
9149, 2293
9150, 2293
9151, 2293
9152, 2293
9153, 2293
9154, 2293
9155, 2293
9156, 2293
9157, 2293
9158, 2293
9159, 2293
9160, 2293
9161, 2293
9162, 2293
9163, 2293
9164, 2293
9165, 2293
9166, 2293
9167, 2293
9168, 2293
9169, 2293
9170, 2293
9171, 2293
9172, 2293
9173, 2293
9174, 2293
9175, 2293
9176, 2293
9177, 2293
9178, 2293
9179, 2293
9180, 2293
9181, 2293
9182, 2293
9183, 2293
9184, 2293
9185, 2293
9186, 2293
9187, 2293
9188, 2293
9189, 2293
9190, 2293
9191, 2293
9192, 2293
9193, 2293
9194, 2293
9195, 2293
9196, 2293
9197, 2293
9198, 2293
9199, 2293
9200, 2293
9201, 2293
9202, 2293
9203, 2293
9204, 2293
9205, 2293
9206, 2293
9207, 2293
9208, 2293
9209, 2293
9210, 2293
9211, 2293
9212, 2293
9213, 2293
9214, 2293
9215, 2293
9216, 2293
9217, 2293
9218, 2293
9219, 2293
9220, 2293
9221, 2293
9222, 2293
9223, 2137
9224, 2137
9225, 2137
9226, 2137
9227, 2137
9228, 2137
9229, 2137
9230, 2137
9231, 2137
9232, 2137
9233, 2137
9234, 2137
9235, 2137
9236, 2137
9237, 2137
9238, 2137
9239, 2137
9240, 2137
9241, 2293
9242, 2293
9243, 2293
9244, 2293
9245, 2293
9246, 2293
9247, 2293
9248, 2293
9249, 2293
9250, 2293
9251, 2293
9252, 2293
9253, 2293
9254, 2293
9255, 2293
9256, 2293
9257, 2293
9258, 2293
9259, 2293
9260, 2293
9261, 2293
9262, 2293
9263, 2293
9264, 2293
9265, 2293
9266, 2293
9267, 2293
9268, 2293
9269, 2293
9270, 2293
9271, 2293
9272, 2293
9273, 2293
9274, 2293
9275, 2293
9276, 2293
9277, 2293
9278, 2293
9279, 2293
9280, 2293
9281, 2293
9282, 2293
9283, 2293
9284, 2293
9285, 2293
9286, 2293
9287, 2293
9288, 2293
9289, 2293
9290, 2293
9291, 2293
9292, 2293
9293, 2293
9294, 2293
9295, 2293
9296, 2293
9297, 2293
9298, 2293
9299, 2293
9300, 2293
9301, 2293
9302, 2293
9303, 2293
9304, 2293
9305, 2293
9306, 2293
9307, 2293
9308, 2293
9309, 2293
9310, 2293
9311, 2293
9312, 2293
9313, 2293
9314, 2293
9315, 2293
9316, 2293
9317, 2293
9318, 2293
9319, 2293
9320, 2293
9321, 2293
9322, 2293
9323, 2293
9324, 2293
9325, 2293
9326, 2293
9327, 2293
9328, 2293
9329, 2293
9330, 2293
9331, 2293
9332, 2293
9333, 2293
9334, 2293
9335, 2293
9336, 2293
9337, 2293
9338, 2293
9339, 2293
9340, 2293
9341, 2293
9342, 2293
9343, 2293
9344, 2293
9345, 2293
9346, 2293
9347, 2293
9348, 2293
9349, 2293
9350, 2293
9351, 2293
9352, 2293
9353, 2293
9354, 2293
9355, 2293
9356, 2293
9357, 2293
9358, 2293
9359, 2293
9360, 2293
9361, 2293
9362, 2293
9363, 2293
9364, 2293
9365, 2293
9366, 2293
9367, 2293
9368, 2293
9369, 2293
9370, 2293
9371, 2293
9372, 2293
9373, 2293
9374, 2293
9375, 2293
9376, 2293
9377, 2293
9378, 2293
9379, 2293
9380, 2293
9381, 2293
9382, 2293
9383, 2293
9384, 2293
9385, 2293
9386, 2293
9387, 2293
9388, 2293
9389, 2293
9390, 2293
9391, 2293
9392, 2293
9393, 2293
9394, 2293
9395, 2293
9396, 2293
9397, 2293
9398, 2293
9399, 2293
9400, 2293
9401, 2293
9402, 2293
9403, 2293
9404, 2293
9405, 2293
9406, 2293
9407, 2293
9408, 2293
9409, 2293
9410, 2293
9411, 2293
9412, 2293
9413, 2293
9414, 2293
9415, 2293
9416, 2293
9417, 2293
9418, 2293
9419, 2293
9420, 2293
9421, 2293
9422, 2293
9423, 2293
9424, 2293
9425, 2293
9426, 2293
9427, 2293
9428, 2293
9429, 2293
9430, 2293
9431, 2293
9432, 2293
9433, 2293
9434, 2293
9435, 2293
9436, 2293
9437, 2293
9438, 2293
9439, 2293
9440, 2293
9441, 2293
9442, 2293
9443, 2293
9444, 2293
9445, 2293
9446, 2293
9447, 2293
9448, 2293
9449, 2293
9450, 2293
9451, 2293
9452, 2293
9453, 2293
9454, 2293
9455, 2293
9456, 2293
9457, 2293
9458, 2293
9459, 2293
9460, 2293
9461, 2293
9462, 2293
9463, 2293
9464, 2293
9465, 2293
9466, 2293
9467, 2293
9468, 2293
9469, 2293
9470, 2293
9471, 2293
9472, 2293
9473, 2293
9474, 2293
9475, 2293
9476, 2293
9477, 2293
9478, 2293
9479, 2293
9480, 2293
9481, 2293
9482, 2293
9483, 2293
9484, 2293
9485, 2293
9486, 2293
9487, 2293
9488, 2293
9489, 2293
9490, 2293
9491, 2293
9492, 2293
9493, 2293
9494, 2293
9495, 2293
9496, 2293
9497, 2293
9498, 2293
9499, 2293
9500, 2293
9501, 2293
9502, 2293
9503, 2293
9504, 2293
9505, 2293
9506, 2293
9507, 2293
9508, 2293
9509, 2293
9510, 2293
9511, 2293
9512, 2293
9513, 2293
9514, 2293
9515, 2293
9516, 2293
9517, 2293
9518, 2293
9519, 2293
9520, 2293
9521, 2293
9522, 2293
9523, 2293
9524, 2293
9525, 2293
9526, 2293
9527, 2293
9528, 2293
9529, 2293
9530, 2293
9531, 2293
9532, 2293
9533, 2293
9534, 2293
9535, 2293
9536, 2293
9537, 2293
9538, 2293
9539, 2293
9540, 2293
9541, 2293
9542, 2293
9543, 2293
9544, 2293
9545, 2293
9546, 2293
9547, 2293
9548, 2293
9549, 2293
9550, 2293
9551, 2293
9552, 2293
9553, 2293
9554, 2293
9555, 2293
9556, 2293
9557, 2293
9558, 2293
9559, 2293
9560, 2293
9561, 2293
9562, 2293
9563, 2293
9564, 2293
9565, 2293
9566, 2293
9567, 2293
9568, 2293
9569, 2293
9570, 2293
9571, 2293
9572, 2293
9573, 2293
9574, 2293
9575, 2293
9576, 2293
9577, 2293
9578, 2293
9579, 2293
9580, 2293
9581, 2293
9582, 2293
9583, 2293
9584, 2293
9585, 2293
9586, 2293
9587, 2293
9588, 2293
9589, 2293
9590, 2293
9591, 2293
9592, 2293
9593, 2293
9594, 2293
9595, 2293
9596, 2293
9597, 2293
9598, 2293
9599, 2293
9600, 2293
9601, 2293
9602, 2293
9603, 2293
9604, 2293
9605, 2293
9606, 2293
9607, 2293
9608, 2293
9609, 2293
9610, 2293
9611, 2293
9612, 2293
9613, 2293
9614, 2293
9615, 2293
9616, 2293
9617, 2293
9618, 2293
9619, 2293
9620, 2293
9621, 2293
9622, 2293
9623, 2293
9624, 2293
9625, 2293
9626, 2293
9627, 2293
9628, 2293
9629, 2293
9630, 2293
9631, 2293
9632, 2293
9633, 2293
9634, 2293
9635, 2293
9636, 2293
9637, 2293
9638, 2293
9639, 2293
9640, 2293
9641, 2293
9642, 2293
9643, 2293
9644, 2293
9645, 2293
9646, 2293
9647, 2293
9648, 2293
9649, 2293
9650, 2293
9651, 2293
9652, 2293
9653, 2293
9654, 2293
9655, 2293
9656, 2293
9657, 2293
9658, 2293
9659, 2293
9660, 2293
9661, 2293
9662, 2293
9663, 2293
9664, 2293
9665, 2293
9666, 2293
9667, 2293
9668, 2293
9669, 2293
9670, 2293
9671, 2293
9672, 2293
9673, 2293
9674, 2293
9675, 2293
9676, 2293
9677, 2293
9678, 2293
9679, 2293
9680, 2293
9681, 2293
9682, 2293
9683, 2293
9684, 2293
9685, 2293
9686, 2293
9687, 2293
9688, 2293
9689, 2293
9690, 2293
9691, 2293
9692, 2293
9693, 2293
9694, 2293
9695, 2293
9696, 2293
9697, 2293
9698, 2293
9699, 2293
9700, 2293
9701, 2293
9702, 2293
9703, 2293
9704, 2293
9705, 2293
9706, 2293
9707, 2293
9708, 2293
9709, 2293
9710, 2293
9711, 2293
9712, 2293
9713, 2293
9714, 2293
9715, 2293
9716, 2293
9717, 2293
9718, 2293
9719, 2293
9720, 2293
9721, 2293
9722, 2293
9723, 2293
9724, 2293
9725, 2293
9726, 2293
9727, 2293
9728, 2293
9729, 2293
9730, 2293
9731, 2293
9732, 2293
9733, 2293
9734, 2293
9735, 2293
9736, 2293
9737, 2293
9738, 2293
9739, 2293
9740, 2293
9741, 2293
9742, 2293
9743, 2293
9744, 2293
9745, 2293
9746, 2293
9747, 2293
9748, 2293
9749, 2293
9750, 2293
9751, 2293
9752, 2293
9753, 2293
9754, 2293
9755, 2293
9756, 2293
9757, 2293
9758, 2293
9759, 2293
9760, 2293
9761, 2293
9762, 2293
9763, 2293
9764, 2293
9765, 2293
9766, 2293
9767, 2293
9768, 2293
9769, 2293
9770, 2293
9771, 2293
9772, 2293
9773, 2293
9774, 2293
9775, 2293
9776, 2293
9777, 2293
9778, 2293
9779, 2293
9780, 2293
9781, 2293
9782, 2293
9783, 2293
9784, 2293
9785, 2293
9786, 2293
9787, 2293
9788, 2293
9789, 2293
9790, 2293
9791, 2293
9792, 2293
9793, 2293
9794, 2293
9795, 2293
9796, 2293
9797, 2293
9798, 2293
9799, 2293
9800, 2293
9801, 2293
9802, 2293
9803, 2293
9804, 2293
9805, 2293
9806, 2293
9807, 2293
9808, 2293
9809, 2293
9810, 2293
9811, 2293
9812, 2293
9813, 2293
9814, 2293
9815, 2293
9816, 2293
9817, 2293
9818, 2293
9819, 2293
9820, 2293
9821, 2293
9822, 2293
9823, 2293
9824, 2293
9825, 2293
9826, 2293
9827, 2293
9828, 2293
9829, 2293
9830, 2293
9831, 2293
9832, 2293
9833, 2293
9834, 2293
9835, 2293
9836, 2293
9837, 2293
9838, 2293
9839, 2293
9840, 2293
9841, 2293
9842, 2293
9843, 2293
9844, 2293
9845, 2293
9846, 2293
9847, 2293
9848, 2293
9849, 2293
9850, 2293
9851, 2293
9852, 2293
9853, 2293
9854, 2293
9855, 2293
9856, 2293
9857, 2293
9858, 2293
9859, 2293
9860, 2293
9861, 2293
9862, 2293
9863, 2293
9864, 2293
9865, 2293
9866, 2293
9867, 2293
9868, 2293
9869, 2293
9870, 2293
9871, 2293
9872, 2293
9873, 2293
9874, 2293
9875, 2293
9876, 2293
9877, 2293
9878, 2293
9879, 2293
9880, 2293
9881, 2293
9882, 2293
9883, 2293
9884, 2293
9885, 2293
9886, 2293
9887, 2293
9888, 2293
9889, 2293
9890, 2293
9891, 2293
9892, 2293
9893, 2293
9894, 2293
9895, 2293
9896, 2293
9897, 2293
9898, 2293
9899, 2293
9900, 2293
9901, 2293
9902, 2293
9903, 2293
9904, 2293
9905, 2293
9906, 2293
9907, 2293
9908, 2293
9909, 2293
9910, 2293
9911, 2293
9912, 2293
9913, 2293
9914, 2293
9915, 2293
9916, 2293
9917, 2293
9918, 2293
9919, 2293
9920, 2293
9921, 2293
9922, 2293
9923, 2293
9924, 2293
9925, 2293
9926, 2293
9927, 2293
9928, 2293
9929, 2293
9930, 2293
9931, 2293
9932, 2293
9933, 2293
9934, 2293
9935, 2293
9936, 2293
9937, 2293
9938, 2293
9939, 2293
9940, 2293
9941, 2293
9942, 2293
9943, 2293
9944, 2293
9945, 2293
9946, 2293
9947, 2293
9948, 2293
9949, 2293
9950, 2293
9951, 2293
9952, 2293
9953, 2293
9954, 2293
9955, 2293
9956, 2293
9957, 2293
9958, 2293
9959, 2293
9960, 2293
9961, 2293
9962, 2293
9963, 2293
9964, 2293
9965, 2293
9966, 2293
9967, 2293
9968, 2293
9969, 2293
9970, 2293
9971, 2293
9972, 2293
9973, 2293
9974, 2293
9975, 2293
9976, 2293
9977, 2293
9978, 2293
9979, 2293
9980, 2293
9981, 2293
9982, 2293
9983, 2293
9984, 2293
9985, 2293
9986, 2293
9987, 2293
9988, 2293
9989, 2293
9990, 2293
9991, 2293
9992, 2293
9993, 2293
9994, 2293
9995, 2293
9996, 2293
9997, 2293
9998, 2293
9999, 2293
10000, 2293
10001, 2293
10002, 2293
10003, 2293
10004, 2293
10005, 2293
10006, 2293
10007, 2293
10008, 2293
10009, 2293
10010, 2293
10011, 2293
10012, 2293
10013, 2293
10014, 2293
10015, 2293
10016, 2293
10017, 2293
10018, 2293
10019, 2293
10020, 2293
10021, 2293
10022, 2293
10023, 2293
10024, 2293
10025, 2293
10026, 2293
10027, 2293
10028, 2293
10029, 2293
10030, 2293
10031, 2293
10032, 2293
10033, 2293
10034, 2293
10035, 2293
10036, 2293
10037, 2293
10038, 2293
10039, 2293
10040, 2293
10041, 2293
10042, 2293
10043, 2293
10044, 2293
10045, 2293
10046, 2293
10047, 2293
10048, 2293
10049, 2293
10050, 2293
10051, 2293
10052, 2293
10053, 2293
10054, 2293
10055, 2293
10056, 2293
10057, 2293
10058, 2293
10059, 2293
10060, 2293
10061, 2293
10062, 2293
10063, 2293
10064, 2293
10065, 2293
10066, 2293
10067, 2293
10068, 2293
10069, 2293
10070, 2293
10071, 2293
10072, 2293
10073, 2293
10074, 2293
10075, 2293
10076, 2293
10077, 2293
10078, 2293
10079, 2293
10080, 2293
10081, 2293
10082, 2293
10083, 2293
10084, 2293
10085, 2293
10086, 2293
10087, 2293
10088, 2293
10089, 2293
10090, 2293
10091, 2293
10092, 2293
10093, 2293
10094, 2293
10095, 2293
10096, 2293
10097, 2293
10098, 2293
10099, 2293
10100, 2293
10101, 2293
10102, 2293
10103, 2293
10104, 2293
10105, 2293
10106, 2293
10107, 2293
10108, 2293
10109, 2293
10110, 2293
10111, 2293
10112, 2293
10113, 2293
10114, 2293
10115, 2293
10116, 2293
10117, 2293
10118, 2293
10119, 2293
10120, 2293
10121, 2293
10122, 2293
10123, 2293
10124, 2293
10125, 2293
10126, 2293
10127, 2293
10128, 2293
10129, 2293
10130, 2293
10131, 2293
10132, 2293
10133, 2293
10134, 2293
10135, 2293
10136, 2293
10137, 2293
10138, 2293
10139, 2293
10140, 2293
10141, 2293
10142, 2293
10143, 2293
10144, 2293
10145, 2293
10146, 2293
10147, 2293
10148, 2293
10149, 2293
