419, 19240
420, 19240
421, 19240
426, 19695
432, 19695
433, 19695
434, 19695
435, 19695
438, 19695
440, 19695
443, 19695
444, 19695
445, 19695
446, 19695
450, 19695
451, 19695
453, 19695
454, 19695
462, 17726
466, 17726
467, 17726
469, 19089
471, 19089
472, 19089
481, 19089
482, 19089
483, 19089
484, 18483
486, 18483
488, 19392
1089, 19392
1090, 19392
1091, 19392
1093, 19392
1094, 19392
1095, 19392
1124, 18634
1125, 18634
1126, 18634
1127, 18028
1130, 18028
1131, 18028
1132, 18028
2356, 18028
2363, 18937
2418, 18028
4135, 19695
4136, 19695
4146, 18937
4151, 18937
4152, 18937
4153, 18937
4154, 18937
4155, 18937
4156, 18937
4157, 18937
4159, 18937
4187, 18028
4188, 18483
4192, 18483
4193, 18483
4194, 18483
4195, 18483
4196, 18483
4224, 18028
4230, 17271
4231, 17271
4232, 17271
4237, 17271
4238, 17271
4239, 18028
4240, 18028
4246, 18028
4277, 18028
4278, 18634
4281, 18937
4282, 18937
4750, 19240
4751, 19240
4767, 19240
4769, 19240
4770, 19240
4772, 19240
4773, 19240
4774, 19240
4775, 19240
7026, 18937
7027, 18937
7028, 18937
7029, 18937
7030, 18937
7031, 19240
7032, 19240
7033, 19240
7034, 19240
7035, 19240
7036, 19240
7037, 19240
7038, 19240
7039, 19240
7040, 19240
7041, 19240
7042, 19240
7043, 19240
7044, 19240
7045, 19240
7046, 19240
7047, 19240
7048, 19240
7049, 19240
7050, 19240
7051, 19240
7052, 19240
7053, 19240
7054, 19240
7055, 19240
7056, 19240
7057, 19695
7058, 19695
7059, 19695
7060, 19695
7061, 19695
7062, 19695
7063, 19695
7064, 19695
7065, 19695
7066, 19695
7067, 19695
7068, 19695
7069, 19695
7070, 19695
7071, 19695
7072, 19695
7073, 19695
7074, 19695
7075, 19695
7076, 19695
7077, 19695
7078, 19695
7079, 19695
7080, 19695
7081, 19695
7082, 19695
7083, 19695
7084, 19695
7085, 19695
7086, 19695
7087, 19695
7088, 19695
7089, 19695
7090, 19695
7091, 19695
7092, 19695
7093, 19695
7094, 19695
7095, 19695
7096, 19695
7097, 19240
7098, 19240
7099, 19240
7100, 19240
7101, 19240
7102, 19240
7103, 19240
7104, 19240
7105, 19240
7106, 19240
7107, 19240
7108, 19240
7109, 18937
7110, 18937
7111, 18937
7112, 18937
7113, 18937
7114, 18937
7115, 18937
7116, 18937
7117, 18937
7118, 18937
7119, 18937
7120, 18937
7121, 18937
7122, 19392
7123, 19392
7124, 19392
7125, 19392
7126, 19392
7127, 19392
7128, 19392
7129, 19392
7130, 19392
7131, 19392
7132, 19392
7133, 19392
7134, 19392
7135, 19392
7136, 19392
7137, 19392
7138, 19392
7139, 19392
7140, 19847
7141, 19847
7142, 19847
7143, 19847
7144, 19847
7145, 19847
7146, 19847
7147, 19847
7148, 19847
7149, 19847
7150, 19847
7151, 19847
7152, 19847
7153, 19847
7154, 19847
7155, 19847
7156, 19847
7157, 19847
7158, 19847
7159, 19847
7160, 19847
7161, 19847
7162, 19847
7163, 19847
7164, 19847
7165, 19847
7166, 19847
7167, 19847
7168, 19847
7169, 19847
7170, 19847
7171, 19847
7172, 19847
7173, 19847
7174, 19847
7175, 19847
7176, 19847
7177, 19847
7178, 19544
7179, 19544
7180, 19544
7181, 19544
7182, 19544
7183, 19544
7184, 18938
7185, 18938
7186, 18938
7187, 18938
7188, 18938
7189, 18938
7190, 18938
7191, 18938
7192, 18938
7193, 18938
7194, 18938
7195, 18938
7196, 18938
7197, 18938
7198, 18938
7199, 18938
7200, 18938
7201, 18938
7202, 18483
7203, 18483
7204, 18483
7205, 18483
7206, 18483
7207, 18483
7208, 18483
7209, 18938
7210, 18938
7211, 18938
7212, 18938
7213, 18938
7214, 18938
7215, 18938
7216, 18938
7217, 18938
7218, 18938
7219, 18938
7220, 18938
7221, 18938
7222, 18938
7223, 18938
7224, 18938
7225, 18938
7226, 18938
7227, 18938
7228, 18483
7229, 18483
7230, 18483
7231, 18483
7232, 18483
7233, 18938
7234, 18938
7235, 19544
7236, 19544
7237, 19544
7238, 19544
7239, 19544
7240, 19544
7241, 19544
7242, 19847
7243, 19847
7244, 19847
7245, 19847
7246, 19847
7247, 19847
7248, 19847
7249, 19847
7250, 19847
7251, 19847
7252, 19847
7253, 19847
7254, 19847
7255, 19847
7256, 19544
7257, 19847
7258, 19847
7259, 19847
7260, 19847
7261, 19847
7262, 19847
7263, 19847
7264, 19847
7265, 19847
7266, 19847
7267, 19847
7268, 19847
7269, 19847
7270, 19847
7271, 19847
7272, 19847
7273, 19847
7274, 19847
7275, 19847
7276, 20150
7277, 20150
7278, 19695
7279, 19695
7280, 19695
7281, 19695
7282, 19695
7283, 19695
7284, 19695
7285, 19695
7286, 19695
7287, 19392
7288, 19392
7289, 19392
7290, 19392
7291, 19392
7292, 19392
7293, 19392
7294, 19392
7295, 19392
7296, 19392
7297, 19392
7298, 19695
7299, 19695
7300, 19695
7301, 19695
7302, 19695
7303, 19695
7304, 19695
7305, 19695
7306, 19695
7307, 19695
7308, 19695
7309, 19695
7310, 19695
7311, 19695
7312, 19695
7313, 19695
7314, 19695
7315, 19695
7316, 19695
7317, 19695
7318, 19695
7319, 19695
7320, 19695
7321, 19695
7322, 19695
7323, 19695
7324, 19695
7325, 19695
7326, 19695
7327, 19695
7328, 19695
7329, 19695
7330, 19695
7331, 19695
7332, 19695
7333, 19695
7334, 19695
7335, 19695
7336, 19695
7337, 19695
7338, 19695
7339, 19695
7340, 19695
7341, 19695
7342, 19695
7343, 19695
7344, 19695
7345, 19695
7346, 19695
7347, 19695
7348, 19695
7349, 19695
7350, 19695
7351, 19695
7352, 19695
7353, 19695
7354, 19695
7355, 19695
7356, 19695
7357, 19695
7358, 19695
7359, 19695
7360, 19695
7361, 19695
7362, 19695
7363, 19695
7364, 19695
7365, 19695
7366, 19695
7367, 19695
7368, 19695
7369, 19695
7370, 19695
7371, 19695
7372, 19695
7373, 19695
7374, 19695
7375, 19695
7376, 19695
7377, 19695
7378, 19695
7379, 19695
7380, 19695
7381, 19695
7382, 19695
7383, 19695
7384, 19695
7385, 19695
7386, 19695
7387, 19240
7388, 19240
7389, 19240
7390, 19240
7391, 19240
7392, 19240
7393, 19240
7394, 19240
7395, 19240
7396, 19240
7397, 19240
7398, 19240
7399, 19240
7400, 19240
7401, 19695
7402, 19695
7403, 19695
7404, 19695
7405, 19695
7406, 19695
7407, 19695
7408, 19695
7409, 19695
7410, 19695
7411, 19695
7412, 19695
7413, 19695
7414, 20150
7415, 20150
7416, 20150
7417, 20150
7418, 19847
7419, 19847
7420, 19847
7421, 19847
7422, 19847
7423, 19392
7424, 19392
7425, 19695
7426, 19695
7427, 19695
7428, 19695
7429, 19695
7430, 19695
7431, 19695
7432, 19695
7433, 19695
7434, 19695
7435, 19695
7436, 19695
7437, 19695
7438, 19695
7439, 19695
7440, 19695
7441, 19695
7442, 19695
7443, 19695
7444, 19695
7445, 19695
7446, 19695
7447, 19695
7448, 19695
7449, 19695
7450, 19695
7451, 19695
7452, 19695
7453, 19695
7454, 19695
7455, 19695
7456, 19695
7457, 19695
7458, 19695
7459, 19695
7460, 19695
7461, 19695
7462, 19695
7463, 19695
7464, 19695
7465, 19695
7466, 19695
7467, 19695
7468, 19695
7469, 19695
7470, 19695
7471, 19695
7472, 19695
7473, 19695
7474, 19695
7475, 19695
7476, 19695
7477, 19695
7478, 19695
7479, 19695
7480, 19695
7481, 19695
7482, 19695
7483, 19695
7484, 19695
7485, 19695
7486, 19695
7487, 19695
7488, 19392
7489, 19392
7490, 19392
7491, 19392
7492, 19392
7493, 19392
7494, 19695
7495, 20150
7496, 20150
7497, 20150
7498, 20150
7499, 20150
7500, 20150
7501, 20150
7502, 20150
7503, 20150
7504, 20150
7505, 20150
7506, 20150
7507, 20150
7508, 20150
7509, 20150
7510, 20150
7511, 20150
7512, 20150
7513, 20150
7514, 20150
7515, 20150
7516, 20150
7517, 20150
7518, 20150
7519, 20150
7520, 20150
7521, 20150
7522, 20150
7523, 20150
7524, 20150
7525, 20150
7526, 20150
7527, 20150
7528, 20150
7529, 20150
7530, 20150
7531, 20150
7532, 20150
7533, 20150
7534, 20150
7535, 20150
7536, 20150
7537, 20150
7538, 20150
7539, 20150
7540, 20150
7541, 20150
7542, 20150
7543, 20150
7544, 20150
7545, 20150
7546, 20150
7547, 20150
7548, 20150
7549, 20150
7550, 20150
7551, 20150
7552, 20150
7553, 20150
7554, 20150
7555, 20150
7556, 20150
7557, 20150
7558, 20150
7559, 20150
7560, 20150
7561, 20150
7562, 20150
7563, 19847
7564, 19847
7565, 19847
7566, 19847
7567, 19847
7568, 19847
7569, 19847
7570, 19847
7571, 19847
7572, 19847
7573, 19847
7574, 19847
7575, 19847
7576, 19847
7577, 19847
7578, 19847
7579, 19847
7580, 19847
7581, 19847
7582, 19847
7583, 19847
7584, 19847
7585, 19847
7586, 19847
7587, 19847
7588, 19847
7589, 19847
7590, 19847
7591, 19847
7592, 19847
7593, 19847
7594, 19847
7595, 19847
7596, 19847
7597, 19847
7598, 19847
7599, 19847
7600, 19847
7601, 19847
7602, 19847
7603, 19847
7604, 19847
7605, 19847
7606, 19847
7607, 19847
7608, 19847
7609, 19847
7610, 19847
7611, 19847
7612, 19847
7613, 19847
7614, 19847
7615, 19847
7616, 19847
7617, 19847
7618, 19847
7619, 19847
7620, 19847
7621, 19847
7622, 19847
7623, 19847
7624, 19847
7625, 19847
7626, 19847
7627, 19847
7628, 19847
7629, 19847
7630, 19847
7631, 19847
7632, 19847
7633, 19847
7634, 19847
7635, 19847
7636, 19847
7637, 19847
7638, 19847
7639, 19847
7640, 19847
7641, 19847
7642, 19847
7643, 19847
7644, 19847
7645, 19847
7646, 19847
7647, 19847
7648, 19847
7649, 19847
7650, 19847
7651, 19847
7652, 19847
7653, 19847
7654, 19847
7655, 19847
7656, 19847
7657, 19847
7658, 19847
7659, 19847
7660, 19392
7661, 19392
7662, 19392
7663, 19392
7664, 19392
7665, 19392
7666, 19392
7667, 19392
7668, 19392
7669, 19392
7670, 19392
7671, 19392
7672, 19392
7673, 19392
7674, 19392
7675, 19392
7676, 19392
7677, 19392
7678, 19392
7679, 19392
7680, 19392
7681, 19392
7682, 19392
7683, 19392
7684, 19392
7685, 19089
7686, 19089
7687, 19089
7688, 19089
7689, 19089
7690, 19089
7691, 19089
7692, 19089
7693, 19089
7694, 19089
7695, 19089
7696, 19089
7697, 19089
7698, 19089
7699, 19089
7700, 19392
7701, 19392
7702, 19392
7703, 19392
7704, 19392
7705, 19392
7706, 19392
7707, 19392
7708, 19392
7709, 19392
7710, 19392
7711, 19392
7712, 19392
7713, 19392
7714, 19392
7715, 19392
7716, 19847
7717, 19847
7718, 19392
7719, 19392
7720, 19392
7721, 19392
7722, 19392
7723, 19392
7724, 19392
7725, 19392
7726, 19392
7727, 19392
7728, 19392
7729, 19089
7730, 19089
7731, 19089
7732, 19089
7733, 19089
7734, 19544
7735, 19544
7736, 19544
7737, 19544
7738, 19544
7739, 19544
7740, 19544
7741, 19544
7742, 19544
7743, 19544
7744, 19544
7745, 19544
7746, 19544
7747, 19544
7748, 19544
7749, 19544
7750, 19544
7751, 19544
7752, 19544
7753, 19544
7754, 19544
7755, 19544
7756, 19544
7757, 19544
7758, 19544
7759, 19544
7760, 19544
7761, 19544
7762, 19544
7763, 19089
7764, 19089
7765, 19089
7766, 19089
7767, 19089
7768, 19089
7769, 19544
7770, 19544
7771, 19544
7772, 19544
7773, 19544
7774, 19544
7775, 19544
7776, 19544
7777, 19544
7778, 19544
7779, 19544
7780, 19544
7781, 19544
7782, 19544
7783, 19544
7784, 19544
7785, 19544
7786, 19544
7787, 19089
7788, 19089
7789, 19089
7790, 19089
7791, 19089
7792, 19089
7793, 19089
7794, 19089
7795, 19089
7796, 19089
7797, 19089
7798, 19089
7799, 19089
7800, 19089
7801, 19089
7802, 19089
7803, 19089
7804, 19089
7805, 19089
7806, 19089
7807, 19089
7808, 19089
7809, 19089
7810, 19089
7811, 19089
7812, 19089
7813, 19089
7814, 19089
7815, 19089
7816, 19089
7817, 19089
7818, 19089
7819, 19089
7820, 19392
7821, 19392
7822, 19392
7823, 19392
7824, 19392
7825, 19695
7826, 19695
7827, 19695
7828, 19695
7829, 19695
7830, 19695
7831, 19695
7832, 19695
7833, 19695
7834, 19695
7835, 19695
7836, 19695
7837, 19695
7838, 19695
7839, 19695
7840, 19695
7841, 19695
7842, 19695
7843, 19695
7844, 19695
7845, 19695
7846, 19695
7847, 19240
7848, 19240
7849, 19695
7850, 19695
7851, 19695
7852, 20150
7853, 20150
7854, 20150
7855, 20150
7856, 20150
7857, 20150
7858, 20150
7859, 20150
7860, 20150
7861, 20150
7862, 20150
7863, 20150
7864, 20150
7865, 20150
7866, 20150
7867, 20150
7868, 20150
7869, 20150
7870, 20150
7871, 20150
7872, 20150
7873, 20150
7874, 19695
7875, 19695
7876, 19695
7877, 19695
7878, 19695
7879, 19695
7880, 19695
7881, 19695
7882, 19695
7883, 19695
7884, 19695
7885, 19695
7886, 19695
7887, 19695
7888, 19695
7889, 19695
7890, 19695
7891, 19695
7892, 19240
7893, 19240
7894, 19240
7895, 19240
7896, 19240
7897, 19240
7898, 19240
7899, 19240
7900, 19240
7901, 19240
7902, 19240
7903, 19240
7904, 19240
7905, 19240
7906, 19240
7907, 19240
7908, 19240
7909, 19240
7910, 19240
7911, 19240
7912, 19240
7913, 18937
7914, 19240
7915, 19240
7916, 19240
7917, 18937
7918, 18937
7919, 18937
7920, 18937
7921, 18937
7922, 18937
7923, 18937
7924, 18937
7925, 18937
7926, 18937
7927, 18937
7928, 18937
7929, 18937
7930, 18937
7931, 18937
7932, 18937
7933, 18937
7934, 18937
7935, 18937
7936, 18937
7937, 18937
7938, 18937
7939, 18937
7940, 19392
7941, 19089
7942, 19089
7943, 19392
7944, 19392
7945, 19392
7946, 19392
7947, 19392
7948, 19392
7949, 19392
7950, 19392
7951, 19392
7952, 19392
7953, 19392
7954, 19392
7955, 19392
7956, 19392
7957, 19392
7958, 19392
7959, 19392
7960, 19392
7961, 19392
7962, 19392
7963, 19392
7964, 19392
7965, 19392
7966, 19392
7967, 19392
7968, 19392
7969, 19392
7970, 19392
7971, 19392
7972, 19392
7973, 19392
7974, 19392
7975, 19392
7976, 19392
7977, 19392
7978, 19392
7979, 19392
7980, 19392
7981, 19392
7982, 19392
7983, 19392
7984, 19392
7985, 19392
7986, 19392
7987, 19392
7988, 19392
7989, 19392
7990, 19392
7991, 19392
7992, 19392
7993, 19695
7994, 19695
7995, 19695
7996, 19695
7997, 19695
7998, 19695
7999, 19695
8000, 19695
8001, 19695
8002, 19695
8003, 19695
8004, 19695
8005, 19695
8006, 19695
8007, 19695
8008, 19695
8009, 19695
8010, 19695
8011, 19695
8012, 19695
8013, 19695
8014, 19695
8015, 19695
8016, 19695
8017, 19695
8018, 19695
8019, 19695
8020, 19695
8021, 19695
8022, 19695
8023, 19695
8024, 19695
8025, 19695
8026, 19695
8027, 19695
8028, 19695
8029, 19695
8030, 19695
8031, 19695
8032, 19695
8033, 19695
8034, 19695
8035, 19695
8036, 19695
8037, 19695
8038, 19695
8039, 19695
8040, 19695
8041, 19695
8042, 19695
8043, 19695
8044, 20150
8045, 20150
8046, 20150
8047, 20150
8048, 20150
8049, 20150
8050, 20150
8051, 20150
8052, 20150
8053, 20150
8054, 20150
8055, 20150
8056, 20150
8057, 20150
8058, 20150
8059, 20150
8060, 20150
8061, 20150
8062, 20150
8063, 20150
8064, 20150
8065, 20150
8066, 20150
8067, 20150
8068, 20150
8069, 20150
8070, 20150
8071, 20150
8072, 20150
8073, 20150
8074, 20150
8075, 20150
8076, 20150
8077, 20150
8078, 20150
8079, 20150
8080, 20150
8081, 20150
8082, 19695
8083, 19695
8084, 19695
8085, 19695
8086, 19695
8087, 19695
8088, 19695
8089, 19392
8090, 19392
8091, 19392
8092, 19392
8093, 19392
8094, 19392
8095, 19392
8096, 19392
8097, 19392
8098, 19695
8099, 19695
8100, 19695
8101, 19695
8102, 19695
8103, 19695
8104, 19695
8105, 19695
8106, 19695
8107, 19695
8108, 19695
8109, 19695
8110, 19695
8111, 19695
8112, 19695
8113, 19695
8114, 19695
8115, 19695
8116, 19695
8117, 19695
8118, 19695
8119, 19695
8120, 19695
8121, 19695
8122, 19695
8123, 19695
8124, 19695
8125, 19695
8126, 19695
8127, 19695
8128, 19695
8129, 19695
8130, 19695
8131, 19695
8132, 19695
8133, 19695
8134, 19695
8135, 19695
8136, 19695
8137, 19695
8138, 19695
8139, 19695
8140, 19695
8141, 19695
8142, 19695
8143, 19695
8144, 19695
8145, 19695
8146, 19695
8147, 19695
8148, 19695
8149, 19695
8150, 19392
8151, 19089
8152, 19089
8153, 19089
8154, 19089
8155, 19089
8156, 19089
8157, 18634
8158, 18634
8159, 18937
8160, 18937
8161, 18937
8162, 18937
8163, 18937
8164, 18937
8165, 18937
8166, 18937
8167, 19392
8168, 19392
8169, 19392
8170, 19392
8171, 19392
8172, 19392
8173, 19392
8174, 19392
8175, 19392
8176, 19392
8177, 19392
8178, 19847
8179, 19847
8180, 19847
8181, 19847
8182, 19847
8183, 19847
8184, 19847
8185, 19847
8186, 19847
8187, 19847
8188, 19847
8189, 19392
8190, 19392
8191, 19392
8192, 19392
8193, 19392
8194, 19392
8195, 19695
8196, 19392
8197, 19392
8198, 19392
8199, 19392
8200, 19392
8201, 19392
8202, 19392
8203, 19392
8204, 19392
8205, 19392
8206, 19392
8207, 19392
8208, 19392
8209, 19392
8210, 19392
8211, 19392
8212, 19392
8213, 19392
8214, 19392
8215, 19392
8216, 19392
8217, 19392
8218, 19392
8219, 19392
8220, 19392
8221, 19392
8222, 19392
8223, 19392
8224, 19392
8225, 19392
8226, 19392
8227, 19392
8228, 19392
8229, 19392
8230, 19392
8231, 19392
8232, 19392
8233, 19392
8234, 19392
8235, 19392
8236, 19392
8237, 19392
8238, 19392
8239, 19392
8240, 19392
8241, 19392
8242, 19392
8243, 19392
8244, 19392
8245, 19392
8246, 19392
8247, 19392
8248, 19392
8249, 19392
8250, 19392
8251, 19392
8252, 19392
8253, 19392
8254, 19392
8255, 19392
8256, 19392
8257, 19392
8258, 19392
8259, 19392
8260, 19392
8261, 19392
8262, 19392
8263, 19392
8264, 19392
8265, 19392
8266, 19392
8267, 19392
8268, 19392
8269, 19392
8270, 19392
8271, 19392
8272, 19392
8273, 19392
8274, 19392
8275, 19392
8276, 19392
8277, 19392
8278, 19392
8279, 19392
8280, 19392
8281, 19392
8282, 18937
8283, 18937
8284, 18937
8285, 18937
8286, 18937
8287, 18937
8288, 18937
8289, 18937
8290, 18937
8291, 18937
8292, 18937
8293, 18937
8294, 18937
8295, 18937
8296, 18937
8297, 18937
8298, 18937
8299, 18937
8300, 18937
8301, 18937
8302, 18937
8303, 18937
8304, 18937
8305, 18937
8306, 18937
8307, 19392
8308, 19392
8309, 19392
8310, 19392
8311, 19392
8312, 19392
8313, 19392
8314, 19392
8315, 19392
8316, 19392
8317, 19392
8318, 19392
8319, 19392
8320, 19392
8321, 19392
8322, 19392
8323, 19392
8324, 19392
8325, 19392
8326, 19392
8327, 19392
8328, 19392
8329, 19392
8330, 19392
8331, 19392
8332, 19392
8333, 19392
8334, 19392
8335, 19392
8336, 19392
8337, 19392
8338, 19392
8339, 19392
8340, 19392
8341, 19695
8342, 19695
8343, 19695
8344, 19695
8345, 19695
8346, 19695
8347, 19695
8348, 19695
8349, 19695
8350, 19695
8351, 19695
8352, 19695
8353, 19695
8354, 19695
8355, 19695
8356, 19695
8357, 19695
8358, 19695
8359, 19695
8360, 19695
8361, 19695
8362, 19695
8363, 19695
8364, 19695
8365, 20150
8366, 20150
8367, 20150
8368, 20150
8369, 20150
8370, 20150
8371, 20150
8372, 20150
8373, 20150
8374, 20150
8375, 20150
8376, 20150
8377, 19847
8378, 19847
8379, 19392
8380, 19392
8381, 19392
8382, 19392
8383, 19392
8384, 19392
8385, 19392
8386, 19392
8387, 19847
8388, 19847
8389, 19847
8390, 19847
8391, 19847
8392, 19847
8393, 19847
8394, 19847
8395, 19847
8396, 19847
8397, 19847
8398, 19847
8399, 19847
8400, 19847
8401, 19847
8402, 19847
8403, 19847
8404, 19847
8405, 19847
8406, 19847
8407, 19847
8408, 19847
8409, 19847
8410, 19847
8411, 19847
8412, 19847
8413, 19847
8414, 19847
8415, 19847
8416, 19847
8417, 19847
8418, 19847
8419, 19847
8420, 19847
8421, 19847
8422, 19847
8423, 19847
8424, 19847
8425, 19847
8426, 19847
8427, 19847
8428, 19847
8429, 19847
8430, 19847
8431, 19847
8432, 19847
8433, 19847
8434, 19847
8435, 19847
8436, 19847
8437, 19847
8438, 19847
8439, 19847
8440, 19847
8441, 19847
8442, 19847
8443, 19847
8444, 19847
8445, 19847
8446, 19847
8447, 19847
8448, 19847
8449, 19847
8450, 19847
8451, 19847
8452, 19847
8453, 19847
8454, 19544
8455, 19544
8456, 19544
8457, 19847
8458, 19847
8459, 19847
8460, 19847
8461, 19847
8462, 19847
8463, 19847
8464, 19847
8465, 19847
8466, 20150
8467, 20150
8468, 20150
8469, 20150
8470, 20150
8471, 20150
8472, 20150
8473, 20150
8474, 20150
8475, 20150
8476, 20150
8477, 20150
8478, 20150
8479, 20150
8480, 20150
8481, 20150
8482, 20150
8483, 20150
8484, 20150
8485, 20150
8486, 20150
8487, 20150
8488, 20150
8489, 20150
8490, 19695
8491, 19695
8492, 19695
8493, 19695
8494, 19695
8495, 19695
8496, 19695
8497, 19695
8498, 19695
8499, 19695
8500, 19695
8501, 19695
8502, 19695
8503, 19695
8504, 19695
8505, 19695
8506, 19695
8507, 19695
8508, 19695
8509, 19695
8510, 19695
8511, 19695
8512, 19695
8513, 19695
8514, 19695
8515, 19695
8516, 19695
8517, 19695
8518, 19695
8519, 19695
8520, 19695
8521, 19695
8522, 19695
8523, 19695
8524, 19695
8525, 19695
8526, 19695
8527, 19695
8528, 19695
8529, 19695
8530, 19240
8531, 19240
8532, 19240
8533, 19240
8534, 19240
8535, 19240
8536, 19240
8537, 19240
8538, 19240
8539, 19240
8540, 19240
8541, 19240
8542, 19695
8543, 19695
8544, 19695
8545, 19695
8546, 19695
8547, 19695
8548, 19695
8549, 19695
8550, 19695
8551, 19695
8552, 19695
8553, 19695
8554, 19695
8555, 19695
8556, 19695
8557, 19695
8558, 19695
8559, 19695
8560, 19695
8561, 19695
8562, 19695
8563, 19695
8564, 19695
8565, 19695
8566, 19695
8567, 19695
8568, 19695
8569, 19695
8570, 19695
8571, 19695
8572, 19695
8573, 19695
8574, 19695
8575, 19695
8576, 19695
8577, 19695
8578, 19695
8579, 19695
8580, 19695
8581, 19695
8582, 19695
8583, 19695
8584, 19695
8585, 19695
8586, 19695
8587, 19695
8588, 19695
8589, 19695
8590, 19695
8591, 19695
8592, 19695
8593, 19695
8594, 19695
8595, 19695
8596, 19695
8597, 19695
8598, 19695
8599, 19695
8600, 19695
8601, 19695
8602, 19695
8603, 19695
8604, 19695
8605, 19695
8606, 19695
8607, 20150
8608, 20150
8609, 20150
8610, 20150
8611, 20150
8612, 20150
8613, 20150
8614, 20150
8615, 20150
8616, 20150
8617, 20150
8618, 20150
8619, 20150
8620, 20150
8621, 20150
8622, 20150
8623, 20150
8624, 20150
8625, 20150
8626, 20150
8627, 20150
8628, 20150
8629, 20150
8630, 20150
8631, 20150
8632, 20150
8633, 20150
8634, 20150
8635, 20150
8636, 20150
8637, 20150
8638, 20150
8639, 20150
8640, 20150
8641, 20150
8642, 20150
8643, 20150
8644, 20150
8645, 20150
8646, 20150
8647, 20150
8648, 20150
8649, 20150
8650, 20150
8651, 20150
8652, 20150
8653, 20150
8654, 20150
8655, 20150
8656, 20150
8657, 20150
8658, 20150
8659, 20150
8660, 20150
8661, 20150
8662, 20150
8663, 20150
8664, 20150
8665, 20150
8666, 20150
8667, 20150
8668, 20150
8669, 20150
8670, 20150
8671, 20150
8672, 20150
8673, 20150
8674, 20150
8675, 20150
8676, 20150
8677, 20150
8678, 20150
8679, 20150
8680, 20150
8681, 20150
8682, 20150
8683, 20150
8684, 20150
8685, 20150
8686, 20150
8687, 20150
8688, 20150
8689, 20150
8690, 20150
8691, 20150
8692, 20150
8693, 20150
8694, 20150
8695, 19695
8696, 19695
8697, 19695
8698, 19695
8699, 19695
8700, 19695
8701, 19695
8702, 19695
8703, 19695
8704, 19695
8705, 19695
8706, 19695
8707, 19695
8708, 19695
8709, 19695
8710, 19695
8711, 19695
8712, 19695
8713, 19695
8714, 19695
8715, 19695
8716, 19695
8717, 19695
8718, 19695
8719, 19695
8720, 19695
8721, 19695
8722, 19695
8723, 19695
8724, 19695
8725, 19695
8726, 19695
8727, 19695
8728, 19695
8729, 19695
8730, 19695
8731, 19695
8732, 19695
8733, 19695
8734, 19695
8735, 19695
8736, 19695
8737, 19695
8738, 19695
8739, 19695
8740, 19695
8741, 19695
8742, 19695
8743, 19695
8744, 19695
8745, 19695
8746, 19695
8747, 19695
8748, 19695
8749, 19695
8750, 19695
8751, 19695
8752, 19695
8753, 19695
8754, 19695
8755, 19695
8756, 19695
8757, 19695
8758, 19695
8759, 19240
8760, 19240
8761, 19240
8762, 19240
8763, 19240
8764, 19240
8765, 19240
8766, 19240
8767, 19240
8768, 19240
8769, 19240
8770, 19240
8771, 19240
8772, 19240
8773, 19240
8774, 19240
8775, 19240
8776, 19240
8777, 19240
8778, 19240
8779, 19240
8780, 19240
8781, 19240
8782, 19240
8783, 19240
8784, 19240
8785, 19240
8786, 19240
8787, 19695
8788, 19695
8789, 19695
8790, 19695
8791, 19695
8792, 19695
8793, 19695
8794, 19695
8795, 19695
8796, 19695
8797, 19695
8798, 19695
8799, 19695
8800, 19695
8801, 19695
8802, 19695
8803, 19695
8804, 19695
8805, 19695
8806, 19695
8807, 19695
8808, 19695
8809, 19695
8810, 19695
8811, 19695
8812, 19695
8813, 19695
8814, 20150
8815, 20150
8816, 20150
8817, 20150
8818, 20150
8819, 20150
8820, 20150
8821, 20150
8822, 20150
8823, 20150
8824, 20150
8825, 20150
8826, 20150
8827, 20150
8828, 20150
8829, 20150
8830, 20150
8831, 20150
8832, 20150
8833, 20150
8834, 20150
8835, 20150
8836, 20150
8837, 20150
8838, 20150
8839, 20150
8840, 20150
8841, 20150
8842, 20150
8843, 20150
8844, 19847
8845, 19847
8846, 19847
8847, 19847
8848, 19847
8849, 19847
8850, 19847
8851, 19847
8852, 19847
8853, 19847
8854, 19847
8855, 19847
8856, 19847
8857, 19847
8858, 19847
8859, 19847
8860, 19847
8861, 19847
8862, 19847
8863, 19847
8864, 19847
8865, 19847
8866, 19847
8867, 19847
8868, 20150
8869, 20150
8870, 20150
8871, 20150
8872, 20150
8873, 20150
8874, 20150
8875, 20150
8876, 20150
8877, 20150
8878, 20150
8879, 20150
8880, 20150
8881, 20150
8882, 20150
8883, 20150
8884, 20150
8885, 20150
8886, 20150
8887, 20150
8888, 20150
8889, 20150
8890, 20150
8891, 20150
8892, 19695
8893, 19695
8894, 19695
8895, 19695
8896, 19695
8897, 19695
8898, 19695
8899, 19695
8900, 19695
8901, 19695
8902, 19695
8903, 19695
8904, 19695
8905, 19695
8906, 19392
8907, 19392
8908, 19392
8909, 19392
8910, 19392
8911, 19392
8912, 19392
8913, 19392
8914, 19392
8915, 19392
8916, 19392
8917, 19392
8918, 19392
8919, 19392
8920, 19392
8921, 19392
8922, 19392
8923, 19392
8924, 19392
8925, 19392
8926, 19392
8927, 19392
8928, 19392
8929, 19392
8930, 19392
8931, 19392
8932, 18937
8933, 18937
8934, 18937
8935, 19392
8936, 19392
8937, 19392
8938, 19392
8939, 19392
8940, 19392
8941, 19392
8942, 19392
8943, 19392
8944, 19392
8945, 19089
8946, 19089
8947, 18634
8948, 18634
8949, 18634
8950, 18634
8951, 18634
8952, 18634
8953, 18634
8954, 18634
8955, 18634
8956, 18634
8957, 18634
8958, 18634
8959, 18634
8960, 18634
8961, 18634
8962, 18634
8963, 18634
8964, 18634
8965, 18634
8966, 18634
8967, 18634
8968, 18634
8969, 18634
8970, 18634
8971, 18634
8972, 18634
8973, 18634
8974, 18634
8975, 18634
8976, 18937
8977, 18634
8978, 18634
8979, 18634
8980, 18634
8981, 18634
8982, 18634
8983, 18634
8984, 18937
8985, 18937
8986, 18937
8987, 18937
8988, 18937
8989, 18937
8990, 18937
8991, 18937
8992, 19240
8993, 19240
8994, 19695
8995, 19695
8996, 19695
8997, 19695
8998, 19695
8999, 19695
9000, 19695
9001, 19695
9002, 19695
9003, 19695
9004, 20150
9005, 20150
9006, 20150
9007, 20150
9008, 20150
9009, 20150
9010, 20150
9011, 20150
9012, 20150
9013, 20150
9014, 20150
9015, 20150
9016, 20150
9017, 20150
9018, 20150
9019, 20150
9020, 20150
9021, 20150
9022, 20150
9023, 20150
9024, 20150
9025, 20150
9026, 20150
9027, 20150
9028, 20150
9029, 20150
9030, 20150
9031, 20150
9032, 20150
9033, 20150
9034, 20150
9035, 20150
9036, 20150
9037, 20150
9038, 20150
9039, 20150
9040, 20150
9041, 20150
9042, 20150
9043, 20150
9044, 20150
9045, 20150
9046, 20150
9047, 20150
9048, 20150
9049, 20150
9050, 20150
9051, 20150
9052, 20150
9053, 20150
9054, 20150
9055, 20150
9056, 20150
9057, 20150
9058, 20150
9059, 20150
9060, 20150
9061, 20150
9062, 20150
9063, 20150
9064, 20150
9065, 20150
9066, 20150
9067, 20150
9068, 20150
9069, 20150
9070, 20150
9071, 20150
9072, 20150
9073, 20150
9074, 20150
9075, 20150
9076, 20150
9077, 20150
9078, 20150
9079, 20150
9080, 20150
9081, 20150
9082, 20150
9083, 19695
9084, 19695
9085, 19695
9086, 19695
9087, 19695
9088, 19695
9089, 19695
9090, 19695
9091, 19695
9092, 19695
9093, 19695
9094, 19695
9095, 19695
9096, 19695
9097, 19695
9098, 19695
9099, 19695
9100, 19695
9101, 19695
9102, 19695
9103, 19695
9104, 19695
9105, 19695
9106, 19695
9107, 19695
9108, 19695
9109, 19695
9110, 20150
9111, 20150
9112, 20150
9113, 20150
9114, 20150
9115, 20150
9116, 20150
9117, 19847
9118, 19847
9119, 19847
9120, 19847
9121, 19847
9122, 19847
9123, 19847
9124, 19847
9125, 19847
9126, 19847
9127, 19847
9128, 19847
9129, 19847
9130, 19847
9131, 20150
9132, 20150
9133, 20150
9134, 20150
9135, 20150
9136, 20150
9137, 20150
9138, 20150
9139, 20150
9140, 20150
9141, 20150
9142, 20150
9143, 20150
9144, 19695
9145, 19695
9146, 19695
9147, 19695
9148, 19695
9149, 19695
9150, 19695
9151, 19695
9152, 19695
9153, 19695
9154, 20150
9155, 20150
9156, 20150
9157, 20150
9158, 20150
9159, 20150
9160, 20150
9161, 20150
9162, 20150
9163, 20150
9164, 20150
9165, 20150
9166, 20150
9167, 20150
9168, 20150
9169, 20150
9170, 20150
9171, 20150
9172, 20150
9173, 20150
9174, 20150
9175, 20150
9176, 20150
9177, 20150
9178, 20150
9179, 20150
9180, 20150
9181, 20150
9182, 20150
9183, 20150
9184, 20150
9185, 20150
9186, 20150
9187, 20150
9188, 20150
9189, 20150
9190, 20150
9191, 20150
9192, 20150
9193, 20150
9194, 20150
9195, 20150
9196, 20150
9197, 20150
9198, 20150
9199, 20150
9200, 20150
9201, 20150
9202, 20150
9203, 20150
9204, 20150
9205, 20150
9206, 20150
9207, 20150
9208, 20150
9209, 20150
9210, 20150
9211, 20150
9212, 20150
9213, 20150
9214, 20150
9215, 20150
9216, 19695
9217, 19695
9218, 19695
9219, 19695
9220, 19695
9221, 19695
9222, 19695
9223, 19695
9224, 19695
9225, 19695
9226, 19695
9227, 19695
9228, 19695
9229, 19695
9230, 19695
9231, 19695
9232, 19695
9233, 19695
9234, 19695
9235, 19695
9236, 19695
9237, 19695
9238, 19695
9239, 19695
9240, 19695
9241, 19695
9242, 19695
9243, 19695
9244, 19695
9245, 19695
9246, 19695
9247, 19695
9248, 19695
9249, 19392
9250, 19392
9251, 19392
9252, 19392
9253, 19392
9254, 19392
9255, 19392
9256, 19392
9257, 19392
9258, 19392
9259, 19392
9260, 19695
9261, 19695
9262, 19695
9263, 19695
9264, 20150
9265, 20150
9266, 20150
9267, 20150
9268, 20150
9269, 20150
9270, 20150
9271, 20150
9272, 20150
9273, 20150
9274, 20150
9275, 20150
9276, 20150
9277, 20150
9278, 20150
9279, 20150
9280, 20150
9281, 20150
9282, 20150
9283, 20150
9284, 20150
9285, 20150
9286, 20150
9287, 20150
9288, 20150
9289, 20150
9290, 20150
9291, 20150
9292, 20150
9293, 20150
9294, 20150
9295, 20150
9296, 20150
9297, 20150
9298, 20150
9299, 20150
9300, 20150
9301, 20150
9302, 20150
9303, 20150
9304, 20150
9305, 20150
9306, 20150
9307, 20150
9308, 20150
9309, 20150
9310, 20150
9311, 20150
9312, 19847
9313, 19847
9314, 19847
9315, 19847
9316, 19847
9317, 19847
9318, 19847
9319, 19847
9320, 19847
9321, 19847
9322, 19847
9323, 19847
9324, 19847
9325, 19847
9326, 19847
9327, 19847
9328, 19847
9329, 19847
9330, 19847
9331, 19392
9332, 19392
9333, 19392
9334, 19392
9335, 19392
9336, 19392
9337, 19392
9338, 19392
9339, 19392
9340, 19392
9341, 19392
9342, 19392
9343, 19392
9344, 19392
9345, 19392
9346, 19392
9347, 19392
9348, 19392
9349, 19392
9350, 19392
9351, 19392
9352, 19392
9353, 19392
9354, 19392
9355, 19392
9356, 19392
9357, 19392
9358, 19392
9359, 19847
9360, 19847
9361, 19847
9362, 19847
9363, 19847
9364, 19847
9365, 19847
9366, 19847
9367, 19847
9368, 19847
9369, 19847
9370, 19847
9371, 19847
9372, 19847
9373, 19847
9374, 19847
9375, 19847
9376, 20150
9377, 20150
9378, 20150
9379, 20150
9380, 20150
9381, 20150
9382, 20150
9383, 20150
9384, 20150
9385, 20150
9386, 20150
9387, 20150
9388, 20150
9389, 20150
9390, 20150
9391, 20150
9392, 19695
9393, 19695
9394, 19695
9395, 19695
9396, 19695
9397, 19695
9398, 19695
9399, 19695
9400, 19695
9401, 19695
9402, 19695
9403, 19695
9404, 19695
9405, 19695
9406, 19695
9407, 19695
9408, 19695
9409, 19695
9410, 19695
9411, 19695
9412, 19695
9413, 19695
9414, 19695
9415, 19695
9416, 19695
9417, 19695
9418, 19695
9419, 19695
9420, 19695
9421, 19695
9422, 19695
9423, 19695
9424, 19695
9425, 19695
9426, 19695
9427, 19695
9428, 19695
9429, 19695
9430, 19695
9431, 19240
9432, 19240
9433, 19695
9434, 19695
9435, 19695
9436, 19695
9437, 20150
9438, 20150
9439, 19695
9440, 19695
9441, 19695
9442, 19695
9443, 19695
9444, 19695
9445, 19695
9446, 19695
9447, 19695
9448, 19695
9449, 19695
9450, 19695
9451, 19695
9452, 19695
9453, 19695
9454, 19695
9455, 19695
9456, 19695
9457, 19695
9458, 19695
9459, 19695
9460, 19695
9461, 19695
9462, 19695
9463, 19695
9464, 19695
9465, 19695
9466, 19695
9467, 19695
9468, 19695
9469, 19695
9470, 19695
9471, 19695
9472, 19695
9473, 19695
9474, 19695
9475, 19695
9476, 19695
9477, 19695
9478, 19695
9479, 20150
9480, 20150
9481, 20150
9482, 19847
9483, 19847
9484, 19847
9485, 19847
9486, 19847
9487, 19847
9488, 19847
9489, 19847
9490, 19847
9491, 19847
9492, 19847
9493, 19392
9494, 19392
9495, 19392
9496, 19392
9497, 19392
9498, 19392
9499, 19392
9500, 19392
9501, 19392
9502, 19392
9503, 19392
9504, 19392
9505, 19392
9506, 19392
9507, 19392
9508, 19392
9509, 19392
9510, 19392
9511, 19392
9512, 19392
9513, 19392
9514, 19392
9515, 19392
9516, 19392
9517, 19392
9518, 19392
9519, 19392
9520, 19392
9521, 19392
9522, 19392
9523, 19392
9524, 19392
9525, 19392
9526, 19392
9527, 19392
9528, 19392
9529, 19392
9530, 19392
9531, 19392
9532, 19392
9533, 19392
9534, 19392
9535, 19392
9536, 19392
9537, 19392
9538, 19392
9539, 19392
9540, 19392
9541, 19392
9542, 19392
9543, 19392
9544, 19089
9545, 19089
9546, 19544
9547, 19089
9548, 19089
9549, 19089
9550, 19089
9551, 19089
9552, 19089
9553, 19089
9554, 19089
9555, 19089
9556, 19089
9557, 19089
9558, 19089
9559, 19089
9560, 19089
9561, 19089
9562, 19089
9563, 18483
9564, 18483
9565, 18483
9566, 18483
9567, 18483
9568, 18483
9569, 18483
9570, 18483
9571, 18483
9572, 18483
9573, 18483
9574, 18483
9575, 18483
9576, 18483
9577, 18483
9578, 18938
9579, 18938
9580, 18938
9581, 18938
9582, 18938
9583, 18938
9584, 18938
9585, 18938
9586, 18938
9587, 18938
9588, 18938
9589, 18938
9590, 18938
9591, 18938
9592, 18938
9593, 18938
9594, 18938
9595, 18938
9596, 18938
9597, 18938
9598, 18483
9599, 18483
9600, 18483
9601, 18483
9602, 18483
9603, 18483
9604, 18483
9605, 18483
9606, 18483
9607, 18483
9608, 18483
9609, 18483
9610, 18483
9611, 18483
9612, 18483
9613, 18483
9614, 18483
9615, 18483
9616, 18483
9617, 18483
9618, 18483
9619, 18483
9620, 18483
9621, 19089
9622, 19089
9623, 19089
9624, 19089
9625, 19089
9626, 19089
9627, 19089
9628, 19089
9629, 19089
9630, 19089
9631, 19089
9632, 19089
9633, 19089
9634, 19089
9635, 19089
9636, 19089
9637, 19089
9638, 19089
9639, 19089
9640, 19089
9641, 19089
9642, 19089
9643, 19089
9644, 19089
9645, 19089
9646, 19089
9647, 19089
9648, 19089
9649, 19089
9650, 18634
9651, 18634
9652, 18634
9653, 18634
9654, 18634
9655, 19089
9656, 19089
9657, 19089
9658, 19089
9659, 19089
9660, 19089
9661, 19089
9662, 19089
9663, 19089
9664, 19089
9665, 19544
9666, 19544
9667, 19544
9668, 19544
9669, 19544
9670, 19544
9671, 19544
9672, 19544
9673, 19544
9674, 19544
9675, 19544
9676, 19544
9677, 19544
9678, 19544
9679, 19544
9680, 19544
9681, 19544
9682, 19544
9683, 19544
9684, 19544
9685, 19544
9686, 19544
9687, 19544
9688, 19544
9689, 19544
9690, 19544
9691, 19544
9692, 19544
9693, 19544
9694, 19544
9695, 19544
9696, 19544
9697, 19544
9698, 19544
9699, 19544
9700, 19544
9701, 19544
9702, 19544
9703, 19544
9704, 19544
9705, 19544
9706, 19544
9707, 19544
9708, 19544
9709, 19544
9710, 19544
9711, 19544
9712, 19544
9713, 19544
9714, 19544
9715, 19847
9716, 19847
9717, 19847
9718, 19847
9719, 19847
9720, 19847
9721, 19847
9722, 19847
9723, 19847
9724, 19847
9725, 19847
9726, 19847
9727, 19847
9728, 19847
9729, 19847
9730, 19847
9731, 19847
9732, 19847
9733, 19847
9734, 19847
9735, 19847
9736, 19847
9737, 19847
9738, 19847
9739, 19847
9740, 19847
9741, 19847
9742, 19847
9743, 19847
9744, 19847
9745, 19847
9746, 19847
9747, 19847
9748, 19847
9749, 19847
9750, 19847
9751, 19847
9752, 19847
9753, 19847
9754, 19847
9755, 19847
9756, 19847
9757, 19847
9758, 19847
9759, 19847
9760, 19847
9761, 19847
9762, 19847
9763, 19847
9764, 19847
9765, 19847
9766, 19847
9767, 19847
9768, 19847
9769, 19847
9770, 19847
9771, 19847
9772, 19847
9773, 19847
9774, 19847
9775, 19847
9776, 19847
9777, 19847
9778, 19847
9779, 19847
9780, 19847
9781, 19847
9782, 19847
9783, 19847
9784, 19847
9785, 19847
9786, 19847
9787, 19847
9788, 19847
9789, 19847
9790, 19847
9791, 19847
9792, 19847
9793, 19847
9794, 19847
9795, 19847
9796, 19847
9797, 19847
9798, 19847
9799, 19847
9800, 19847
9801, 19847
9802, 19847
9803, 19847
9804, 19847
9805, 19847
9806, 19847
9807, 19847
9808, 19847
9809, 19847
9810, 19847
9811, 19847
9812, 19847
9813, 19847
9814, 19847
9815, 19847
9816, 19847
9817, 19847
9818, 19847
9819, 19847
9820, 19847
9821, 19847
9822, 19847
9823, 19847
9824, 19847
9825, 19847
9826, 19847
9827, 19847
9828, 19847
9829, 19847
9830, 19847
9831, 19847
9832, 19847
9833, 19847
9834, 19847
9835, 19847
9836, 19847
9837, 19847
9838, 19847
9839, 19847
9840, 19847
9841, 19847
9842, 19847
9843, 19847
9844, 19847
9845, 19847
9846, 19847
9847, 19847
9848, 19847
9849, 19847
9850, 19847
9851, 19847
9852, 19847
9853, 19847
9854, 19847
9855, 19847
9856, 19847
9857, 19847
9858, 19847
9859, 19847
9860, 19847
9861, 19544
9862, 19544
9863, 19847
9864, 19847
9865, 19847
9866, 19847
9867, 19847
9868, 19392
9869, 19392
9870, 19392
9871, 19392
9872, 19392
9873, 19392
9874, 19392
9875, 19392
9876, 19392
9877, 19392
9878, 19392
9879, 19392
9880, 19392
9881, 19392
9882, 19392
9883, 19392
9884, 19392
9885, 19392
9886, 19392
9887, 19392
9888, 19392
9889, 19392
9890, 19392
9891, 19392
9892, 19392
9893, 18937
9894, 18937
9895, 18937
9896, 18937
9897, 18937
9898, 18937
9899, 18937
9900, 18937
9901, 18937
9902, 18937
9903, 18937
9904, 18937
9905, 18937
9906, 18937
9907, 18937
9908, 18937
9909, 18937
9910, 18937
9911, 19392
9912, 19392
9913, 19392
9914, 19392
9915, 19392
9916, 19392
9917, 19392
9918, 19392
9919, 19392
9920, 19392
9921, 19392
9922, 19392
9923, 19392
9924, 19392
9925, 19392
9926, 19392
9927, 19392
9928, 19392
9929, 19392
9930, 19392
9931, 19392
9932, 19392
9933, 19392
9934, 19392
9935, 19392
9936, 19392
9937, 18937
9938, 18937
9939, 18937
9940, 18937
9941, 18937
9942, 18937
9943, 18937
9944, 18937
9945, 18937
9946, 18937
9947, 18937
9948, 18634
9949, 18634
9950, 18634
9951, 18634
9952, 18937
9953, 18937
9954, 18937
9955, 18937
9956, 18937
9957, 18937
9958, 18937
9959, 18937
9960, 18937
9961, 18937
9962, 18937
9963, 18937
9964, 18937
9965, 18937
9966, 18937
9967, 19392
9968, 19392
9969, 19392
9970, 19392
9971, 19392
9972, 19392
9973, 19392
9974, 19392
9975, 19392
9976, 19392
9977, 19392
9978, 19392
9979, 19392
9980, 19392
9981, 19695
9982, 20150
9983, 20150
9984, 19695
9985, 19695
9986, 19695
9987, 19695
9988, 19695
9989, 19695
9990, 19695
9991, 19695
9992, 19695
9993, 19695
9994, 19695
9995, 19695
9996, 19695
9997, 19695
9998, 19695
9999, 19695
10000, 19695
10001, 19695
10002, 19695
10003, 19695
10004, 19695
10005, 19695
10006, 19695
10007, 19695
10008, 19695
10009, 19695
10010, 19695
10011, 20150
10012, 20150
10013, 20150
10014, 19695
10015, 19695
10016, 19695
10017, 19695
10018, 19695
10019, 19695
10020, 19695
10021, 19695
10022, 19695
10023, 19695
10024, 19695
10025, 19695
10026, 19695
10027, 19695
10028, 19392
10029, 19392
10030, 19392
10031, 19392
10032, 19392
10033, 19392
10034, 19392
10035, 19392
10036, 19392
10037, 19392
10038, 19392
10039, 19392
10040, 19392
10041, 19392
10042, 19089
10043, 19089
10044, 19089
10045, 19089
10046, 19089
10047, 19089
10048, 19089
10049, 19089
10050, 19089
10051, 19089
10052, 19089
10053, 19089
10054, 19089
10055, 19089
10056, 19392
10057, 19392
10058, 19695
10059, 19695
10060, 19695
10061, 19695
10062, 19695
10063, 19695
10064, 19695
10065, 19695
10066, 19695
10067, 19695
10068, 19695
10069, 19695
10070, 19695
10071, 19695
10072, 20150
10073, 20150
10074, 20150
10075, 20150
10076, 20150
10077, 19847
10078, 19847
10079, 19847
10080, 19847
10081, 19847
10082, 19847
10083, 19847
10084, 19847
10085, 19847
10086, 19847
10087, 19847
10088, 19847
10089, 19847
10090, 19847
10091, 19847
10092, 19847
10093, 19847
10094, 19847
10095, 19847
10096, 19847
10097, 19847
10098, 19847
10099, 19847
10100, 19847
10101, 19847
10102, 19847
10103, 19847
10104, 19847
10105, 19847
10106, 19847
10107, 19847
10108, 19847
10109, 19847
10110, 19392
10111, 19392
10112, 19392
10113, 19392
10114, 19847
10115, 19847
10116, 19847
10117, 20150
10118, 20150
10119, 20150
10120, 20150
10121, 20150
10122, 20150
10123, 20150
10124, 20150
10125, 20150
10126, 20150
10127, 20150
10128, 20150
10129, 20150
10130, 20150
10131, 20150
10132, 20150
10133, 20150
10134, 20150
10135, 20150
10136, 20150
10137, 20150
10138, 20150
10139, 20150
10140, 20150
10141, 20150
10142, 20150
10143, 20150
10144, 20150
10145, 20150
10146, 20150
10147, 20150
10148, 20150
10149, 20150
10150, 20150
10151, 20150
10152, 20150
10153, 20150
10154, 20150
10155, 20150
10156, 19695
10157, 19695
10158, 19695
10159, 19695
10160, 19695
10161, 19695
10162, 19695
10163, 19695
10164, 19695
10165, 19695
10166, 19695
10167, 19695
10168, 19695
10169, 19392
10170, 19392
10171, 19392
10172, 19847
10173, 19392
10174, 19392
10175, 19392
10176, 19392
10177, 19392
10178, 19392
10179, 18937
10180, 18937
10181, 18937
10182, 18937
10183, 18937
10184, 18937
10185, 18937
10186, 18937
10187, 18937
10188, 18937
10189, 18937
10190, 18937
10191, 18937
10192, 18937
10193, 18937
10194, 19240
10195, 19695
10196, 19695
10197, 19695
10198, 19695
10199, 19695
10200, 19695
10201, 19695
10202, 19695
10203, 19695
10204, 19240
10205, 19240
10206, 19240
10207, 19240
10208, 19240
10209, 19240
10210, 19240
10211, 19240
10212, 19240
10213, 19240
10214, 19240
10215, 19240
10216, 19240
10217, 19240
10218, 19695
10219, 19695
10220, 19695
10221, 19695
10222, 19240
10223, 19240
10224, 19240
10225, 19240
10226, 19240
10227, 19240
10228, 19240
10229, 19240
10230, 19240
10231, 18937
10232, 18937
10233, 18937
10234, 18937
10235, 18937
10236, 18937
10237, 18937
10238, 18937
10239, 18937
10240, 18937
10241, 18937
10242, 18937
10243, 18937
10244, 18634
10245, 18634
10246, 18634
10247, 18634
10248, 18634
10249, 18634
10250, 19089
10251, 19089
10252, 19089
10253, 19089
10254, 19392
10255, 19392
10256, 19392
10257, 19392
10258, 19392
10259, 19392
10260, 19392
10261, 19392
10262, 19392
10263, 19392
10264, 19392
10265, 19392
10266, 19392
10267, 19392
10268, 19392
10269, 19392
10270, 19392
10271, 19392
10272, 19392
10273, 19392
10274, 19392
10275, 19392
10276, 19392
10277, 19392
10278, 19392
10279, 19392
10280, 19392
10281, 19392
10282, 19392
10283, 19392
10284, 19392
10285, 19392
10286, 19392
10287, 19392
10288, 19392
10289, 19392
10290, 19392
10291, 19392
10292, 19392
10293, 19392
10294, 19392
10295, 19392
10296, 19392
10297, 19392
10298, 19392
10299, 19392
10300, 19392
10301, 19392
10302, 19392
10303, 19847
10304, 19847
10305, 19847
10306, 20150
10307, 20150
10308, 20150
10309, 20150
10310, 20150
10311, 20150
10312, 20150
10313, 20150
10314, 20150
10315, 20150
10316, 20150
10317, 20150
10318, 20150
10319, 20150
10320, 20150
10321, 20150
10322, 20150
10323, 20150
10324, 20150
10325, 20150
10326, 20150
10327, 20150
10328, 20150
10329, 20150
10330, 20150
10331, 20150
10332, 20150
10333, 20150
10334, 20150
10335, 20150
10336, 20150
10337, 20150
10338, 20150
10339, 19847
10340, 19847
10341, 19847
10342, 19847
10343, 19847
10344, 19847
10345, 19847
10346, 19847
10347, 19847
10348, 19544
10349, 19544
10350, 19544
10351, 19544
10352, 19544
10353, 19544
10354, 19544
10355, 19544
10356, 19544
10357, 19544
10358, 19544
10359, 19544
10360, 19544
10361, 19544
10362, 19544
10363, 19847
10364, 19847
10365, 19847
10366, 19847
10367, 19847
10368, 19847
10369, 19847
10370, 19847
10371, 19847
10372, 19847
10373, 19847
10374, 19847
10375, 19847
10376, 19847
10377, 19847
10378, 19847
10379, 19847
10380, 19847
10381, 19847
10382, 19847
10383, 19847
10384, 19847
10385, 19847
10386, 19847
10387, 19847
10388, 19847
10389, 19847
10390, 19847
10391, 19847
10392, 19847
10393, 20150
10394, 20150
10395, 20150
10396, 20150
10397, 20150
10398, 20150
10399, 20150
10400, 20150
10401, 20150
10402, 20150
10403, 20150
10404, 20150
10405, 20150
10406, 20150
10407, 20150
10408, 20150
10409, 20150
10410, 20150
10411, 20150
10412, 20150
10413, 20150
10414, 20150
10415, 20150
10416, 19847
10417, 19847
10418, 19847
10419, 19847
10420, 19847
10421, 19847
10422, 19847
10423, 19847
10424, 19847
10425, 19847
10426, 19847
10427, 19847
10428, 19847
10429, 19847
10430, 19847
10431, 19847
10432, 19847
10433, 19847
10434, 19847
10435, 19847
10436, 19847
10437, 19847
10438, 19847
10439, 19847
10440, 19847
10441, 19847
10442, 19847
10443, 19847
10444, 19847
10445, 19847
10446, 19847
10447, 19847
10448, 19847
10449, 19847
10450, 19847
10451, 19847
10452, 19847
10453, 19847
10454, 19847
10455, 19847
10456, 19847
10457, 19847
10458, 19847
10459, 19847
10460, 19847
10461, 19847
10462, 19847
10463, 19847
10464, 19847
10465, 19847
10466, 19847
10467, 19847
10468, 19847
10469, 19847
10470, 19847
10471, 19847
10472, 19847
10473, 19847
10474, 19847
10475, 19847
10476, 19847
10477, 19847
10478, 19847
10479, 19847
10480, 19847
10481, 19847
10482, 19847
10483, 19847
10484, 19847
10485, 19847
10486, 19544
10487, 19544
10488, 19544
10489, 19544
10490, 19544
10491, 19544
10492, 19847
10493, 19847
10494, 19847
10495, 19847
10496, 19847
10497, 19847
10498, 19847
10499, 19847
10500, 19847
10501, 19847
10502, 19847
10503, 19847
10504, 19847
10505, 19847
10506, 19847
10507, 19847
10508, 20150
10509, 20150
10510, 20150
10511, 20150
10512, 20150
10513, 20150
10514, 20150
10515, 19847
10516, 19847
10517, 19847
10518, 19847
10519, 19847
10520, 19847
10521, 19847
10522, 19847
10523, 19847
10524, 19847
10525, 20150
10526, 20150
10527, 20150
10528, 20150
10529, 20150
10530, 20150
10531, 20150
10532, 20150
10533, 20150
10534, 20150
10535, 20150
10536, 20150
10537, 20150
10538, 20150
10539, 20150
10540, 19847
10541, 19847
10542, 19847
10543, 19847
10544, 19847
10545, 19847
10546, 19847
10547, 19847
10548, 20150
10549, 20150
10550, 20150
10551, 20150
10552, 20150
10553, 20150
10554, 20150
10555, 20150
10556, 20150
10557, 20150
10558, 20150
10559, 20150
10560, 20150
10561, 20150
10562, 20150
10563, 20150
10564, 20150
10565, 20150
10566, 20150
10567, 20150
10568, 20150
10569, 20150
10570, 20150
10571, 20150
10572, 20150
10573, 20150
10574, 20150
10575, 20150
10576, 20150
10577, 20150
10578, 20150
10579, 20150
10580, 20150
10581, 20150
10582, 20150
10583, 20150
10584, 20150
10585, 20150
10586, 20150
10587, 20150
10588, 20150
10589, 19847
10590, 19847
10591, 19847
10592, 19847
10593, 19847
10594, 19847
10595, 19847
10596, 19847
10597, 19847
10598, 19847
10599, 19847
10600, 19847
10601, 19847
10602, 19847
10603, 19847
10604, 19847
10605, 19847
10606, 19847
10607, 19847
10608, 19847
10609, 19847
10610, 19847
10611, 19847
10612, 19847
10613, 19847
10614, 19847
10615, 19847
10616, 19847
10617, 19847
10618, 19847
10619, 19847
10620, 19847
10621, 19847
10622, 19847
10623, 19847
10624, 19847
10625, 19847
10626, 19847
10627, 19847
10628, 19847
10629, 19847
10630, 19847
10631, 19847
10632, 20150
10633, 20150
10634, 20150
10635, 20150
10636, 20150
10637, 20150
10638, 20150
10639, 20150
10640, 20150
10641, 20150
10642, 20150
10643, 20150
10644, 20150
10645, 20150
10646, 20150
10647, 20150
10648, 20150
10649, 20150
10650, 20150
10651, 20150
10652, 19847
10653, 19847
10654, 19847
10655, 19847
10656, 19847
10657, 19847
10658, 19847
10659, 19847
10660, 19847
10661, 19847
10662, 19847
10663, 19847
10664, 19847
10665, 19847
10666, 19847
10667, 19847
10668, 19847
10669, 19847
10670, 19847
10671, 19847
10672, 19847
10673, 19847
10674, 19847
10675, 20150
10676, 20150
10677, 20150
10678, 20150
10679, 20150
10680, 20150
10681, 20150
10682, 20150
10683, 20150
10684, 20150
10685, 20150
10686, 20150
10687, 20150
10688, 20150
10689, 20150
10690, 20150
10691, 20150
10692, 20150
10693, 20150
10694, 20150
10695, 20150
10696, 20150
10697, 20150
10698, 20150
10699, 19847
10700, 19847
10701, 19847
10702, 19847
10703, 19847
10704, 19847
10705, 19847
10706, 19847
10707, 19847
10708, 20150
10709, 20150
10710, 20150
10711, 20150
10712, 20150
10713, 20150
10714, 20150
10715, 20150
10716, 20150
10717, 20150
10718, 20150
10719, 20150
10720, 20150
10721, 20150
10722, 20150
10723, 20150
10724, 20150
10725, 20150
10726, 20150
10727, 20150
10728, 20150
10729, 20150
10730, 20150
10731, 20150
10732, 20150
10733, 20150
10734, 20150
10735, 20150
10736, 20150
10737, 20150
10738, 20150
10739, 20150
10740, 20150
10741, 20150
10742, 20150
10743, 20150
10744, 20150
10745, 20150
10746, 20150
10747, 20150
10748, 20150
10749, 20150
10750, 20150
10751, 20150
10752, 20150
10753, 20150
10754, 20150
10755, 20150
10756, 20150
10757, 20150
10758, 20150
10759, 20150
10760, 20150
10761, 20150
10762, 20150
10763, 20150
10764, 20150
10765, 20150
10766, 20150
10767, 20150
10768, 20150
10769, 20150
10770, 20150
10771, 20150
10772, 20150
10773, 20150
10774, 20150
10775, 20150
10776, 20150
10777, 20150
10778, 20150
10779, 20150
10780, 20150
10781, 20150
10782, 20150
10783, 20150
10784, 20150
10785, 20150
10786, 20150
10787, 20150
10788, 20150
10789, 20150
10790, 20150
10791, 20150
10792, 20150
10793, 20150
10794, 20150
10795, 20150
10796, 20150
10797, 20150
10798, 20150
10799, 20150
10800, 20150
10801, 20150
10802, 20150
10803, 20150
10804, 20150
10805, 20150
10806, 20150
10807, 20150
10808, 20150
10809, 20150
10810, 20150
10811, 20150
10812, 20150
10813, 20150
10814, 20150
10815, 20150
10816, 20150
10817, 20150
10818, 20150
10819, 20150
10820, 20150
10821, 20150
10822, 20150
10823, 20150
10824, 20150
10825, 20150
10826, 20150
10827, 20150
10828, 20150
10829, 20150
10830, 20150
10831, 20150
10832, 20150
10833, 20150
10834, 20150
10835, 20150
10836, 20150
10837, 20150
10838, 20150
10839, 20150
10840, 20150
10841, 20150
10842, 20150
10843, 20150
10844, 20150
10845, 20150
10846, 20150
10847, 20150
10848, 20150
10849, 20150
10850, 20150
10851, 20150
10852, 20150
10853, 20150
10854, 20150
10855, 20150
10856, 20150
10857, 20150
10858, 20150
10859, 20150
10860, 20150
10861, 20150
10862, 20150
10863, 20150
10864, 20150
10865, 20150
10866, 20150
10867, 20150
10868, 20150
10869, 20150
10870, 20150
10871, 20150
10872, 20150
10873, 20150
10874, 20150
10875, 20150
10876, 20150
10877, 20150
10878, 20150
10879, 20150
10880, 20150
10881, 20150
10882, 20150
10883, 20150
10884, 20150
10885, 20150
10886, 20150
10887, 20150
10888, 20150
10889, 20150
10890, 20150
10891, 20150
10892, 20150
10893, 20150
10894, 20150
10895, 20150
10896, 20150
10897, 20150
10898, 20150
10899, 20150
10900, 20150
10901, 20150
10902, 20150
10903, 20150
10904, 20150
10905, 20150
10906, 20150
10907, 20150
10908, 20150
10909, 20150
10910, 20150
10911, 20150
10912, 20150
10913, 20150
10914, 20150
10915, 20150
10916, 20150
10917, 20150
10918, 20150
10919, 20150
10920, 20150
10921, 20150
10922, 20150
10923, 20150
10924, 20150
10925, 20150
10926, 20150
10927, 20150
10928, 20150
10929, 20150
10930, 20150
10931, 20150
10932, 20150
10933, 20150
10934, 20150
10935, 20150
10936, 20150
10937, 20150
10938, 20150
10939, 20150
10940, 20150
10941, 20150
10942, 20150
10943, 20150
10944, 20150
10945, 20150
10946, 20150
10947, 20150
10948, 20150
10949, 20150
10950, 20150
10951, 20150
10952, 20150
10953, 20150
10954, 20150
10955, 20150
10956, 20150
10957, 20150
10958, 20150
10959, 20150
10960, 20150
10961, 20150
10962, 20150
10963, 20150
10964, 20150
10965, 20150
10966, 20150
10967, 20150
10968, 20150
10969, 20150
10970, 20150
10971, 20150
10972, 20150
10973, 20150
10974, 20150
10975, 20150
10976, 20150
10977, 20150
10978, 20150
10979, 20150
10980, 20150
10981, 20150
10982, 20150
10983, 20150
10984, 20150
10985, 20150
10986, 20150
10987, 20150
10988, 20150
10989, 20150
10990, 20150
10991, 20150
10992, 20150
10993, 20150
10994, 20150
10995, 20150
10996, 20150
10997, 20150
10998, 20150
10999, 20150
11000, 20150
11001, 20150
11002, 20150
11003, 20150
11004, 20150
11005, 20150
11006, 20150
11007, 20150
11008, 20150
11009, 20150
11010, 20150
11011, 20150
11012, 20150
11013, 20150
11014, 20150
11015, 20150
11016, 20150
11017, 20150
11018, 20150
11019, 20150
11020, 20150
11021, 20150
11022, 20150
11023, 20150
11024, 20150
11025, 20150
11026, 20150
11027, 20150
11028, 20150
11029, 20150
11030, 20150
11031, 20150
11032, 20150
11033, 20150
11034, 20150
11035, 20150
11036, 20150
11037, 20150
11038, 20150
11039, 20150
11040, 20150
11041, 20150
11042, 20150
11043, 20150
11044, 20150
11045, 20150
11046, 20150
11047, 20150
11048, 20150
11049, 20150
11050, 20150
11051, 20150
11052, 20150
11053, 20150
11054, 20150
11055, 20150
11056, 20150
11057, 20150
11058, 20150
11059, 20150
11060, 20150
11061, 20150
11062, 20150
11063, 20150
11064, 20150
11065, 20150
11066, 20150
11067, 20150
11068, 20150
11069, 20150
11070, 20150
11071, 20150
11072, 20150
11073, 20150
11074, 20150
11075, 20150
11076, 20150
11077, 20150
11078, 20150
11079, 20150
11080, 20150
11081, 20150
11082, 20150
11083, 20150
11084, 20150
11085, 20150
11086, 20150
11087, 20150
11088, 20150
11089, 20150
11090, 20150
11091, 20150
11092, 20150
11093, 20150
11094, 20150
11095, 20150
11096, 20150
11097, 20150
11098, 20150
11099, 20150
11100, 20150
11101, 20150
11102, 20150
11103, 20150
11104, 20150
11105, 20150
11106, 20150
11107, 20150
11108, 20150
11109, 20150
11110, 20150
11111, 20150
11112, 20150
11113, 20150
11114, 20150
11115, 20150
11116, 20150
11117, 20150
11118, 20150
11119, 20150
11120, 20150
11121, 20150
11122, 20150
11123, 20150
11124, 20150
11125, 20150
11126, 20150
11127, 20150
11128, 20150
11129, 20150
11130, 20150
11131, 20150
11132, 20150
11133, 20150
11134, 20150
11135, 20150
11136, 20150
11137, 20150
11138, 20150
11139, 20150
11140, 20150
11141, 20150
11142, 20150
11143, 20150
11144, 20150
11145, 20150
11146, 20150
11147, 20150
11148, 20150
11149, 20150
11150, 20150
11151, 20150
11152, 20150
11153, 20150
11154, 20150
11155, 20150
11156, 20150
11157, 20150
11158, 20150
11159, 20150
11160, 20150
11161, 20150
11162, 20150
11163, 20150
11164, 20150
11165, 20150
11166, 20150
11167, 20150
11168, 20150
11169, 20150
11170, 20150
11171, 20150
11172, 20150
11173, 20150
11174, 20150
11175, 20150
11176, 20150
11177, 20150
11178, 20150
11179, 20150
11180, 20150
11181, 20150
11182, 20150
11183, 20150
11184, 20150
11185, 20150
11186, 20150
11187, 20150
11188, 20150
11189, 20150
11190, 20150
11191, 20150
11192, 20150
11193, 20150
11194, 20150
11195, 20150
11196, 20150
11197, 20150
11198, 20150
11199, 20150
