27, 2099
33, 2099
293, 2099
309, 2099
310, 2099
315, 2099
316, 2099
317, 2099
325, 2099
326, 2099
327, 2177
448, 1827
449, 1827
450, 1827
458, 2060
459, 2060
461, 2060
464, 2060
465, 2060
466, 2060
468, 2137
471, 2060
476, 2060
477, 2060
479, 2060
482, 2060
580, 2099
581, 2099
583, 2099
584, 2177
585, 2177
586, 2177
758, 2099
781, 1827
782, 1827
785, 1827
786, 1827
787, 1827
788, 1827
975, 1984
986, 1984
987, 1984
993, 1984
994, 1984
995, 1984
1094, 2099
1095, 2099
1096, 2099
1097, 2099
1112, 1827
1119, 2137
1122, 2137
1124, 2137
1125, 1943
1126, 1943
1336, 2293
1337, 2293
1406, 1827
1409, 1827
1410, 1827
1411, 1827
1412, 1827
1414, 1827
1415, 1827
1418, 2060
1431, 2060
1432, 1943
1433, 1943
1434, 1943
1435, 1943
1436, 1943
1437, 2137
1438, 1943
1439, 1943
1441, 1943
1442, 1943
1447, 1943
1497, 2137
1498, 2137
1505, 2293
1506, 2293
1507, 2293
1677, 1827
1678, 1827
1679, 1827
1680, 1827
1681, 1827
1683, 1827
1685, 1827
1694, 2060
1695, 2060
1708, 1827
1709, 1827
1712, 1827
1714, 1827
1715, 1827
1716, 1827
1717, 1827
1718, 1827
1719, 1827
1721, 1827
1722, 1827
2026, 2099
2028, 2137
2029, 2137
2031, 2137
2032, 2137
2033, 2293
2035, 2293
2036, 2099
2039, 2099
2040, 2099
2043, 2099
2514, 2137
2515, 2137
2516, 2137
2518, 2137
2519, 2137
2520, 2293
2521, 2293
2523, 2293
2526, 2293
2527, 2293
2528, 2293
2995, 2099
3106, 2177
3107, 2177
3118, 2177
3119, 2177
3121, 2177
3122, 2177
3123, 2177
3124, 2177
3125, 2177
3126, 2177
3314, 1984
3328, 1984
3329, 1984
3330, 1984
3333, 1984
3334, 1984
3338, 1984
3339, 1984
3463, 2060
3464, 1943
3466, 1943
3625, 1827
3626, 1827
3629, 1827
3630, 1827
3631, 1827
3635, 1827
3807, 2177
3809, 2177
3818, 2177
3819, 2177
3821, 2177
3822, 2177
3823, 2177
3829, 2177
3832, 2177
3836, 2177
3839, 2177
3840, 2177
3842, 2177
3844, 2177
3845, 2177
3855, 2137
3856, 2137
3858, 2137
3860, 2137
3862, 2137
3863, 2137
3896, 2293
3897, 2293
3918, 2293
3919, 2293
3921, 2177
3922, 2177
3923, 2177
3956, 2177
3960, 2177
3979, 2099
3980, 2099
3981, 2099
3984, 2099
3986, 2137
3988, 2137
3989, 2137
3990, 2137
3991, 2137
3992, 2137
3995, 2137
3996, 2137
3997, 2137
3998, 2137
3999, 2137
4000, 2137
4001, 2137
4003, 2137
4005, 2137
4137, 1827
4139, 1827
4140, 1827
4141, 1827
4142, 1827
4143, 1827
4144, 2060
4145, 2060
4147, 2060
4148, 2060
4150, 2060
4151, 2060
4376, 2177
4377, 2177
4378, 2177
4379, 2177
4380, 2177
4381, 2177
4382, 2177
4385, 2177
4387, 2177
4389, 2177
4413, 2177
4414, 2177
4415, 2177
4417, 2177
4422, 2177
4428, 2177
4429, 2177
4430, 2177
4431, 2177
4432, 2177
4433, 2177
4435, 2177
4436, 2177
4437, 2177
4439, 2177
4777, 1827
4778, 1827
4779, 1827
4783, 1827
4784, 1827
4785, 1827
4787, 1827
4796, 1827
4810, 1827
4811, 1827
4812, 1827
4815, 1827
4816, 1827
4817, 1827
4818, 1827
5024, 2177
5025, 2177
5028, 2177
5029, 2177
5031, 2177
5033, 2177
5041, 2177
5042, 2177
5043, 2177
5044, 2177
5045, 2177
5048, 2099
5049, 2099
5050, 2293
5051, 2293
5052, 2293
5053, 2293
5054, 2293
5055, 2293
5056, 2293
5060, 2293
5063, 2293
5064, 2293
5065, 2293
5068, 2293
5069, 2293
5070, 2293
5071, 2293
5072, 2293
5073, 2293
5074, 2293
5103, 2293
5105, 2293
5106, 2293
5111, 2137
5113, 2137
5114, 2137
5839, 2099
5840, 2177
5841, 2177
5842, 2177
5843, 2177
5845, 2177
5847, 2177
5899, 2099
5907, 2099
5912, 2099
5914, 2099
5927, 2137
6037, 2137
6038, 2137
6046, 2137
6047, 1943
6048, 1943
6076, 2293
6342, 2177
6347, 2177
6349, 2177
6351, 2177
6365, 2177
6368, 2177
6369, 2177
6371, 2177
6372, 2177
6395, 2177
6396, 2177
6659, 2177
6661, 2177
6664, 2177
6667, 2177
6669, 2177
6671, 2177
6673, 2177
6674, 2177
6675, 2177
6676, 2177
6850, 2099
6853, 2099
6854, 2099
6855, 2177
6857, 2177
6860, 2177
6862, 2177
7011, 2293
7025, 2060
7030, 2060
7058, 2060
7092, 2137
7123, 2099
7124, 2099
7168, 1984
7172, 1984
7174, 1984
7175, 1984
7176, 1984
7177, 1984
7178, 1984
7180, 1984
7366, 2099
7367, 2099
7370, 2099
7372, 2099
7373, 2099
7374, 2099
7375, 2293
7377, 2293
7382, 2293
7386, 2293
7387, 2293
7481, 2177
7482, 2177
7483, 2177
7619, 1827
7620, 1827
7623, 1827
7624, 1827
7625, 1827
7626, 1827
7629, 1827
7630, 1827
7652, 2060
7717, 2060
7718, 2060
7721, 2060
7722, 2060
7723, 1943
7725, 1943
7739, 1943
7740, 1943
7741, 1943
8044, 2293
8055, 2293
8056, 2099
8057, 2099
8061, 2099
8077, 2099
8078, 2099
8080, 2099
8081, 2099
8082, 2177
8087, 2177
8112, 2177
8114, 2177
8115, 2099
8116, 2099
8120, 2099
8123, 2099
8125, 2099
8127, 2099
8131, 2099
8132, 2099
8133, 2177
8149, 2099
8151, 2137
8165, 1827
8167, 1827
8168, 1827
8200, 2099
8201, 2099
8202, 2099
8204, 2099
8205, 2099
8210, 2099
8211, 2099
8212, 2099
8239, 2293
8240, 2293
8243, 2137
8246, 2137
8247, 2137
8249, 2137
8250, 2137
8251, 1943
8252, 1943
8253, 1943
8254, 1943
8261, 2137
8786, 1827
8787, 1827
8788, 1827
8789, 1827
8790, 1827
8791, 1827
8792, 1827
8793, 1827
8794, 2060
8795, 2060
8796, 2060
8797, 2060
8798, 2060
8799, 2060
8800, 2060
8801, 2060
8802, 2060
8803, 2060
8806, 2060
8807, 1943
8808, 1943
8812, 1943
8814, 1943
8815, 2137
8816, 2137
8818, 2137
8832, 2137
8833, 2137
8834, 2137
8835, 2137
8836, 1943
8839, 1943
8840, 1943
8842, 1943
8843, 1943
8844, 1943
9009, 1984
9010, 1984
9011, 1984
9012, 1984
9014, 1984
9016, 1984
9024, 1984
9026, 1984
9028, 1984
9029, 1984
9030, 1984
9035, 1984
9036, 1984
9037, 1984
9038, 1984
9040, 1984
9042, 1984
9045, 1984
9046, 1984
9047, 1984
9148, 1984
9149, 1984
9188, 2177
9189, 2177
9191, 2177
9192, 2177
9193, 2177
9194, 2177
9196, 2177
9197, 2177
9209, 2099
9211, 2099
9213, 2099
9215, 2099
9216, 2099
9217, 2099
9222, 2099
9223, 2099
9237, 2099
9239, 2099
9241, 2099
9242, 2177
9243, 2177
9244, 2177
9311, 2293
9312, 2293
9313, 2293
9314, 2293
9315, 2293
9528, 1984
9529, 1984
9530, 1984
9582, 2060
9583, 2060
9589, 2060
9592, 1827
9593, 1827
9594, 1827
9595, 1827
9597, 1827
9599, 1827
9600, 1827
9628, 1827
9629, 1827
9630, 1827
9635, 2137
9637, 2137
9638, 2137
9641, 2137
9642, 2137
9689, 1943
9690, 1943
9693, 1943
9699, 2137
9901, 1984
9902, 1984
9903, 1984
9904, 1984
9908, 1984
9909, 1984
9910, 1984
9911, 1984
9913, 1984
9916, 1984
10001, 2060
10002, 2060
10009, 2060
10010, 2060
10011, 2060
10013, 2060
10015, 2060
10016, 2060
10017, 2060
10018, 2060
10026, 2137
10027, 1943
10028, 1943
10029, 1943
10030, 1943
10031, 1943
10062, 2060
10107, 2293
10108, 2293
10109, 2293
10112, 2293
10113, 2293
10115, 2293
10117, 2293
10119, 2293
10120, 2099
10121, 2099
10122, 2099
10123, 2099
10124, 2099
10125, 2177
10127, 2177
10128, 2177
10130, 2293
10131, 2293
10132, 2137
10133, 2293
10136, 2293
10137, 2293
10144, 2293
10145, 2293
10146, 2099
10153, 2099
10156, 2099
10157, 2099
10161, 2293
10188, 2099
10189, 2099
10190, 2099
10193, 2099
10194, 2177
10195, 2177
10196, 2177
10198, 2177
10259, 2060
10260, 2060
10262, 2060
10266, 2060
10271, 2060
10275, 2137
10276, 2137
10278, 2137
10282, 2137
10284, 2137
10285, 2137
10286, 2137
10287, 2137
10288, 2137
10290, 2137
10295, 1827
10312, 2060
10313, 2060
10315, 2060
10320, 2060
10321, 2060
10493, 2177
10506, 2293
10507, 2293
10508, 2099
10509, 2099
10634, 2060
10635, 2060
10636, 2060
10653, 1827
10657, 1827
10658, 1827
10669, 1827
10671, 1827
10672, 1827
10673, 1827
10913, 1984
10914, 1984
10915, 1984
10916, 1984
10923, 1984
11076, 2177
11077, 2177
11078, 2177
11320, 2099
11321, 2099
11322, 2099
11323, 2293
11324, 2293
11326, 2293
11454, 2293
11457, 2293
11458, 2293
11460, 2293
11461, 2293
11462, 2293
11484, 1827
11485, 1827
11486, 1827
11489, 1827
11490, 2060
11491, 2060
11492, 1943
11493, 1943
11496, 2060
11507, 2293
11509, 2293
11510, 2293
11517, 2293
11518, 2293
11519, 2293
11521, 2293
11522, 2293
11523, 2293
11524, 2293
11526, 2293
11527, 2293
11529, 2293
11530, 2293
11658, 2099
11659, 2099
11660, 2293
11662, 2177
11664, 2177
11665, 2177
11666, 2177
11667, 2099
11668, 2099
11675, 2099
11676, 2099
11877, 2060
11878, 2060
11879, 2060
11883, 2060
11885, 2060
11886, 2060
11887, 2060
11894, 1827
11896, 1827
11903, 1827
11907, 1827
11908, 1827
11910, 1827
11913, 1827
11915, 1827
11927, 1827
11928, 1827
11930, 1827
11931, 1827
11934, 1827
11935, 1827
11939, 1827
11941, 1827
11944, 1827
11946, 1827
11948, 1827
11950, 1827
11951, 1827
11953, 1827
11954, 1827
11955, 1827
12141, 1827
12142, 1827
12143, 1827
12533, 2099
12534, 2099
12536, 2099
12540, 2099
12541, 2099
12542, 2099
12547, 2099
12558, 2099
12559, 2099
12560, 2293
12580, 2099
12581, 2293
12826, 1984
12828, 1984
12829, 1984
12830, 1984
12834, 1984
13174, 2177
13177, 2177
13184, 2177
13185, 2177
13189, 2177
13192, 2177
13321, 2177
13323, 2177
13327, 2177
13331, 2177
13332, 2177
13333, 2177
13334, 2177
13348, 2177
13349, 2177
13473, 2293
13474, 2293
13484, 2293
13485, 2293
13486, 2293
13490, 2293
13491, 2293
13508, 1827
13511, 1827
13534, 1827
13535, 1827
13536, 1827
13537, 1827
13539, 1827
13555, 1827
13559, 1827
13590, 2137
13592, 2137
13593, 2137
13594, 2137
13627, 2137
13652, 2099
13655, 2099
13656, 2099
13661, 2099
13662, 2099
13663, 2099
13665, 2099
13667, 2099
13702, 2293
13703, 2293
13704, 2293
13705, 2293
13706, 2293
13707, 2293
13708, 2293
13709, 2293
13710, 2293
13711, 2293
13712, 2293
13713, 2293
13714, 2099
13715, 2177
13716, 2177
13717, 2177
13718, 2099
13719, 2099
13721, 2099
13723, 2099
13724, 2177
13725, 2177
13726, 2177
13727, 2177
13728, 2177
13729, 2177
13730, 2177
13731, 2177
13732, 2177
13733, 2177
13734, 2177
13735, 2177
13736, 2177
13737, 2177
13738, 2177
13739, 2177
13740, 2177
13741, 2177
13742, 2177
13743, 2177
13744, 2177
13745, 2177
13746, 2177
13747, 2177
13748, 2177
13749, 2177
13750, 2177
13751, 2177
13752, 2177
13753, 2177
13754, 2177
13755, 2177
13756, 2177
13757, 2177
13758, 2177
13759, 2177
13760, 2177
13761, 2177
13762, 2177
13763, 2177
13764, 2177
13765, 2177
13766, 2177
13767, 2177
13768, 2177
13769, 2177
13770, 2177
13771, 2099
13772, 2099
13773, 2099
13774, 2099
13775, 2099
13789, 2137
13790, 2137
13791, 2137
13792, 2137
13793, 1943
13794, 1943
13796, 1943
13802, 2137
13803, 2137
13804, 2137
13805, 2137
13806, 2137
13807, 2137
13808, 2137
13809, 2137
13810, 2137
13811, 2137
13812, 2137
13813, 2137
13814, 2137
13815, 2293
13816, 2293
13817, 2293
13818, 2293
13819, 2293
13820, 2293
13821, 2293
13822, 2293
13823, 2293
13824, 2293
13825, 2293
13826, 2293
13827, 2293
13828, 2293
13829, 2293
13830, 2293
13831, 2293
13832, 2293
13833, 2293
13834, 2137
13835, 2137
13836, 2137
13837, 2137
13838, 2137
13839, 2137
13840, 2137
13841, 2137
13842, 2137
13843, 2137
13844, 2137
13845, 2137
13846, 2137
13847, 2137
13848, 2137
13849, 2137
13850, 2137
13851, 2137
13852, 2137
13853, 2137
13854, 2137
13855, 2137
13856, 2137
13857, 2137
13858, 2137
13859, 2137
13860, 2137
13861, 1943
13863, 1943
13864, 1943
13865, 1943
13867, 1943
13869, 1943
13884, 1827
13901, 1827
13902, 1827
13904, 1827
13907, 1827
13930, 2060
13931, 2060
13932, 2060
13933, 2060
13934, 2060
13935, 2060
13936, 2060
13937, 2060
13938, 2060
13939, 2060
13940, 2060
13941, 2060
13942, 2060
13943, 2060
13944, 2060
13945, 2060
13946, 2060
13947, 2060
13948, 2060
13949, 2060
13950, 2060
13951, 2060
13952, 2060
13953, 2060
13954, 2060
13955, 2060
13956, 2060
13957, 2060
13958, 2060
13959, 2060
13960, 2060
13961, 2060
13962, 2060
13963, 2060
13964, 2060
13965, 2060
13966, 2060
13967, 2060
13968, 2060
13969, 2060
13970, 2060
13971, 2060
13972, 2060
13973, 2060
13974, 1943
13975, 1943
13976, 1943
13977, 1943
13978, 1943
13979, 1943
13980, 1943
13981, 1943
13982, 2137
13983, 2137
13984, 2137
13985, 2137
13986, 2137
13987, 2137
13988, 2137
13989, 2137
13990, 2137
13991, 2137
13992, 2137
13993, 2137
13994, 2137
13995, 2137
13996, 2137
13997, 2137
13998, 2137
13999, 2137
14000, 2137
14001, 2137
14002, 2137
14003, 2137
14004, 2137
14005, 2137
14006, 2137
14007, 2137
14008, 2137
14009, 2137
14010, 2137
14011, 2137
14012, 2137
14013, 1943
14014, 1943
14015, 1943
14016, 1943
14017, 1943
14018, 2137
14019, 2137
14020, 2137
14021, 2293
14022, 2293
14023, 2293
14024, 2293
14025, 2293
14026, 2293
14027, 2293
14028, 2293
14029, 2293
14030, 2293
14031, 2293
14032, 2293
14033, 2293
14034, 2293
14035, 2293
14036, 2293
14037, 2293
14038, 2293
14039, 2293
14040, 2293
14041, 2293
14042, 2293
14043, 2293
14044, 2293
14045, 2293
14046, 2293
14047, 2137
14048, 2137
14049, 1943
14050, 1943
14051, 1943
14052, 1943
14053, 1943
14054, 1943
14055, 1943
14056, 1943
14057, 1943
14058, 1943
14059, 1943
14060, 1943
14061, 2060
14062, 2060
14063, 2060
14064, 2060
14065, 2060
14066, 2060
14067, 2060
14068, 2060
14069, 2060
14070, 2060
14071, 2060
14072, 2060
14073, 2060
14074, 2060
14075, 2060
14076, 2060
14077, 2060
14078, 2060
14079, 2060
14080, 2060
14081, 2060
14082, 2060
14083, 2060
14084, 2060
14085, 2060
14086, 2060
14087, 2060
14088, 2060
14089, 2060
14090, 2060
14091, 2060
14092, 2060
14093, 2060
14094, 2060
14095, 2060
14096, 2060
14097, 2060
14098, 2060
14099, 2060
14100, 2060
14101, 2060
14102, 2060
14103, 2060
14104, 2060
14105, 2060
14106, 2060
14107, 2060
14108, 2060
14109, 2060
14110, 2060
14111, 2060
14112, 2060
14113, 2060
14114, 2060
14115, 2060
14116, 2060
14117, 2060
14118, 2060
14119, 2060
14120, 2060
14121, 2060
14122, 2060
14123, 2060
14124, 2060
14125, 2060
14126, 2060
14127, 2060
14128, 2060
14129, 2060
14130, 2060
14131, 2060
14132, 2060
14133, 2060
14134, 2060
14135, 2060
14136, 2060
14137, 2060
14138, 2060
14139, 2060
14140, 2060
14141, 2060
14142, 2060
14143, 2060
14144, 1827
14145, 1827
14146, 1827
14147, 1827
14148, 1827
14149, 1827
14150, 1827
14151, 1827
14152, 1827
14153, 1827
14154, 1827
14155, 1827
14156, 1827
14157, 1827
14158, 1827
14159, 1827
14160, 2060
14161, 1827
14162, 1827
14163, 1827
14164, 1827
14165, 1827
14166, 1827
14167, 1827
14168, 1827
14169, 2060
14170, 2060
14171, 2060
14172, 2060
14173, 2060
14174, 2060
14175, 2060
14176, 2060
14177, 2060
14178, 2060
14179, 1827
14180, 1827
14181, 1827
14182, 1827
14183, 1827
14184, 1827
14185, 1827
14186, 2060
14187, 2060
14188, 2060
14189, 2060
14190, 2060
14191, 2060
14192, 2060
14193, 2060
14194, 2060
14195, 2060
14196, 2060
14197, 2060
14198, 2060
14199, 2060
14200, 2060
14201, 2060
14202, 2060
14203, 2060
14204, 2060
14205, 2060
14206, 2060
14207, 2060
14208, 2060
14209, 2060
14210, 2060
14211, 2060
14212, 2060
14213, 2060
14214, 2060
14215, 2060
14216, 2060
14217, 1943
14218, 1943
14219, 1943
14220, 1943
14221, 1943
14222, 2137
14223, 2137
14224, 2137
14225, 2293
14226, 2293
14227, 2293
14228, 2293
14229, 2293
14230, 2293
14231, 2293
14232, 2293
14233, 2293
14234, 2293
14235, 2293
14236, 2293
14237, 2293
14238, 2293
14239, 2137
14240, 2137
14241, 2137
14242, 2137
14243, 2137
14244, 2137
14245, 2137
14246, 1943
14247, 1943
14248, 1943
14249, 1943
14250, 1943
14251, 1943
14252, 1943
14253, 1943
14254, 1943
14255, 1943
14256, 1943
14257, 1943
14258, 1943
14259, 2060
14260, 2060
14261, 2060
14262, 2060
14263, 2060
14264, 2060
14265, 2060
14266, 2060
14267, 1943
14268, 1943
14269, 1943
14270, 1943
14271, 1943
14272, 1943
14273, 1943
14274, 1943
14275, 1943
14276, 1943
14277, 1943
14278, 1943
14279, 1943
14280, 1943
14281, 1943
14282, 1943
14283, 2060
14284, 2060
14285, 2060
14286, 2060
14287, 2060
14288, 2060
14289, 2060
14290, 2060
14291, 2060
14292, 2060
14293, 2060
14294, 2060
14295, 2060
14296, 2060
14297, 2060
14298, 2060
14299, 2060
14300, 2060
14301, 2060
14302, 2060
14303, 2060
14304, 2060
14305, 2060
14306, 2060
14307, 1943
14308, 1943
14309, 1943
14310, 1943
14311, 2137
14312, 2137
14313, 2137
14314, 2137
14315, 2137
14316, 2137
14317, 2137
14318, 2137
14319, 2137
14320, 2137
14321, 2137
14322, 2137
14323, 2137
14324, 2137
14325, 2137
14326, 2137
14327, 2137
14328, 2137
14329, 2137
14330, 2293
14331, 2293
14332, 2293
14333, 2293
14334, 2293
14335, 2293
14336, 2293
14337, 2293
14338, 2293
14339, 2293
14340, 2293
14341, 2293
14342, 2293
14343, 2293
14344, 2293
14345, 2293
14346, 2293
14347, 2099
14348, 2293
14349, 2293
14350, 2293
14351, 2099
14352, 2099
14353, 2099
14354, 2099
14355, 2099
14356, 2099
14357, 2099
14358, 2099
14359, 2099
14360, 2099
14361, 2099
14362, 2099
14363, 2099
14364, 2099
14365, 2099
14366, 2177
14367, 2177
14368, 2177
14369, 2177
14370, 2177
14371, 2177
14372, 2177
14373, 2177
14374, 2177
14375, 2177
14376, 2177
14377, 2177
14378, 2177
14379, 2177
14380, 2177
14381, 2177
14382, 2177
14383, 2177
14384, 2177
14385, 2177
14386, 2177
14387, 2177
14388, 2177
14389, 2177
14390, 2177
14391, 2177
14392, 2177
14393, 2177
14394, 2177
14395, 2177
14396, 2177
14397, 2177
14398, 2177
14399, 2177
14400, 2177
14401, 2177
14402, 2177
14403, 2177
14404, 2177
14405, 2177
14406, 2177
14407, 2177
14408, 2177
14409, 2177
14410, 2177
14411, 2177
14412, 2177
14413, 2177
14414, 2177
14415, 2177
14416, 2177
14417, 2177
14418, 2177
14419, 2177
14420, 2177
14421, 2177
14422, 2099
14423, 2099
14424, 2099
14425, 2099
14426, 2099
14427, 2099
14428, 2099
14429, 2099
14430, 2099
14431, 2099
14432, 2099
14433, 2099
14434, 2099
14435, 2099
14436, 2177
14437, 2177
14438, 2177
14439, 2177
14440, 2177
14441, 2177
14442, 2177
14443, 2177
14444, 2177
14445, 2177
14446, 2177
14447, 2177
14448, 2177
14449, 2177
14450, 2177
14451, 2177
14452, 2177
14453, 2177
14454, 2177
14455, 2177
14456, 2177
14457, 2177
14458, 2177
14459, 2177
14460, 2177
14461, 2177
14462, 2177
14463, 2177
14464, 2177
14465, 2177
14466, 2177
14467, 2177
14468, 2177
14469, 2177
14470, 2177
14471, 2177
14472, 2177
14473, 2177
14474, 2177
14475, 2177
14476, 2177
14477, 2177
14478, 2177
14479, 2177
14480, 2177
14481, 2177
14482, 2177
14483, 2177
14484, 2177
14485, 2177
14486, 2177
14487, 2177
14488, 2177
14489, 2177
14490, 2177
14491, 2177
14492, 2177
14493, 2177
14494, 2177
14495, 2177
14496, 2177
14497, 2177
14498, 2177
14499, 2177
14500, 2177
14501, 2177
14502, 2177
14503, 2177
14504, 2177
14505, 2177
14506, 2177
14507, 2177
14508, 2177
14509, 2177
14510, 2177
14511, 2177
14512, 2177
14513, 2177
14514, 2177
14515, 2177
14516, 2177
14517, 2177
14518, 2099
14519, 2099
14520, 2099
14521, 2099
14522, 2099
14523, 2099
14524, 2099
14525, 2099
14526, 2099
14527, 2099
14528, 2099
14529, 2099
14530, 2099
14531, 2099
14532, 2099
14533, 2099
14534, 2099
14535, 2099
14536, 2099
14537, 2293
14538, 2293
14539, 2293
14540, 2137
14541, 1943
14542, 2060
14543, 2060
14544, 2060
14545, 2060
14546, 2060
14547, 2060
14548, 2060
14549, 1827
14550, 1827
14551, 1827
14552, 1827
14553, 1827
14554, 1827
14555, 1827
14556, 1827
14557, 1827
14558, 1827
14559, 1827
14560, 1827
14561, 1827
14562, 1827
14563, 1827
14564, 1827
14565, 1827
14566, 1827
14567, 1827
14568, 1827
14569, 1827
14570, 1827
14571, 1827
14572, 1827
14573, 1827
14574, 1827
14575, 1827
14576, 1827
14577, 1827
14578, 1827
14579, 1827
14580, 1827
14581, 1827
14582, 1827
14583, 1827
14584, 1827
14585, 1827
14586, 1827
14587, 1827
14588, 1827
14589, 1827
14590, 1827
14591, 1827
14592, 1827
14593, 1827
14594, 2060
14595, 2060
14596, 2060
14597, 2060
14598, 2060
14599, 2060
14600, 2060
14601, 2060
14602, 2060
14603, 2060
14604, 2060
14605, 2060
14606, 2060
14607, 2060
14608, 2060
14609, 2060
14610, 2060
14611, 2060
14612, 2060
14613, 2060
14614, 2060
14615, 2060
14616, 2060
14617, 2060
14618, 2060
14619, 2060
14620, 2060
14621, 2060
14622, 2060
14623, 2060
14624, 2060
14625, 1827
14626, 1827
14627, 1827
14628, 1827
14629, 1827
14630, 1827
14631, 1827
14632, 1827
14633, 2060
14634, 2060
14635, 1827
14636, 1827
14637, 1827
14638, 1827
14639, 1827
14640, 1827
14641, 1827
14642, 1827
14643, 1827
14644, 1827
14645, 1827
14646, 1827
14647, 1827
14648, 1827
14649, 2060
14650, 2060
14651, 2060
14652, 1943
14653, 1943
14654, 1943
14655, 1943
14656, 1943
14657, 2060
14658, 2060
14659, 2060
14660, 2060
14661, 2060
14662, 1943
14663, 1943
14664, 1943
14665, 1943
14666, 1943
14667, 1943
14668, 1943
14669, 1943
14670, 2060
14671, 1943
14672, 1943
14673, 1943
14674, 1943
14675, 1943
14676, 1943
14677, 1943
14678, 1943
14679, 2137
14680, 2137
14681, 2137
14682, 2137
14683, 2137
14684, 2137
14685, 2137
14686, 2137
14687, 2137
14688, 2137
14689, 2137
14690, 2137
14691, 2137
14692, 2137
14693, 2137
14694, 2137
14695, 2137
14696, 2137
14697, 2137
14698, 1943
14699, 1943
14700, 1943
14701, 1943
14702, 1943
14703, 2060
14704, 2060
14705, 2060
14706, 2060
14707, 2060
14708, 2060
14709, 2060
14710, 2060
14711, 1827
14712, 1827
14713, 1827
14714, 1827
14715, 1827
14716, 1827
14717, 1827
14718, 1827
14719, 1827
14720, 1827
14721, 2060
14722, 2060
14723, 2060
14724, 2060
14725, 2060
14726, 2060
14727, 2060
14728, 1943
14729, 1943
14730, 1943
14731, 1943
14732, 2060
14733, 2060
14734, 2060
14735, 2060
14736, 2060
14737, 2060
14738, 2060
14739, 2060
14740, 2060
14741, 2060
14742, 2060
14743, 2060
14744, 2060
14745, 2060
14746, 2060
14747, 2060
14748, 2060
14749, 2060
14750, 2060
14751, 2060
14752, 2060
14753, 2060
14754, 2060
14755, 2060
14756, 2060
14757, 2060
14758, 2060
14759, 2060
14760, 2060
14761, 2060
14762, 2060
14763, 2060
14764, 2060
14765, 2060
14766, 2060
14767, 2060
14768, 2060
14769, 2060
14770, 2060
14771, 2060
14772, 2060
14773, 2060
14774, 2060
14775, 2060
14776, 2060
14777, 2060
14778, 2060
14779, 2060
14780, 2060
14781, 2060
14782, 2060
14783, 2060
14784, 2060
14785, 1943
14786, 1943
14787, 1943
14788, 1943
14789, 1943
14790, 1943
14791, 1943
14792, 2137
14793, 2137
14794, 2137
14795, 2137
14796, 2137
14797, 2137
14798, 2137
14799, 2137
14800, 2137
14801, 2137
14802, 2137
14803, 2137
14804, 2137
14805, 2137
14806, 2137
14807, 2137
14808, 2137
14809, 2137
14810, 2137
14811, 2137
14812, 2137
14813, 2293
14814, 2293
14815, 2293
14816, 2293
14817, 2293
14818, 2293
14819, 2293
14820, 2293
14821, 2293
14822, 2293
14823, 2293
14824, 2293
14825, 2099
14826, 2099
14827, 2099
14828, 2099
14829, 2099
14830, 2099
14831, 2099
14832, 2099
14833, 2099
14834, 2099
14835, 2293
14836, 2099
14837, 2099
14838, 2099
14839, 2099
14840, 2099
14841, 2099
14842, 2099
14843, 2099
14844, 2099
14845, 2099
14846, 2099
14847, 2099
14848, 2099
14849, 2099
14850, 2099
14851, 2099
14852, 2099
14853, 2099
14854, 2099
14855, 2293
14856, 2293
14857, 2293
14858, 2293
14859, 2293
14860, 2293
14861, 2293
14862, 2137
14863, 2137
14864, 2137
14865, 2137
14866, 2137
14867, 1943
14868, 2137
14869, 2137
14870, 2137
14871, 2137
14872, 2137
14873, 2137
14874, 2137
14875, 2137
14876, 2137
14877, 2137
14878, 2293
14879, 2293
14880, 2293
14881, 2293
14882, 2293
14883, 2293
14884, 2293
14885, 2293
14886, 2293
14887, 2293
14888, 2293
14889, 2293
14890, 2293
14891, 2293
14892, 2293
14893, 2293
14894, 2293
14895, 2293
14896, 2293
14897, 2293
14898, 2293
14899, 2293
14900, 2293
14901, 2293
14902, 2293
14903, 2293
14904, 2293
14905, 2293
14906, 2293
14907, 2293
14908, 2293
14909, 2293
14910, 2293
14911, 2293
14912, 2293
14913, 2293
14914, 2293
14915, 2293
14916, 2293
14917, 2293
14918, 2293
14919, 2293
14920, 2293
14921, 2293
14922, 2293
14923, 2293
14924, 2293
14925, 2293
14926, 2293
14927, 2293
14928, 2293
14929, 2293
14930, 2293
14931, 2293
14932, 2293
14933, 2293
14934, 2293
14935, 2293
14936, 2293
14937, 2293
14938, 2293
14939, 2293
14940, 2293
14941, 2293
14942, 2293
14943, 2293
14944, 2293
14945, 2293
14946, 2293
14947, 2293
14948, 2293
14949, 2293
14950, 2293
14951, 2293
14952, 2099
14953, 2099
14954, 2099
14955, 2099
14956, 2099
14957, 2099
14958, 2293
14959, 2293
14960, 2293
14961, 2099
14962, 2099
14963, 2099
14964, 2177
14965, 2177
14966, 2177
14967, 2177
14968, 2177
14969, 2177
14970, 2177
14971, 2177
14972, 2177
14973, 2177
14974, 2177
14975, 2177
14976, 2177
14977, 2177
14978, 2177
14979, 2177
14980, 2099
14981, 2099
14982, 2099
14983, 2099
14984, 2099
14985, 2293
14986, 2293
14987, 2293
14988, 2293
14989, 2293
14990, 2293
14991, 2293
14992, 2293
14993, 2293
14994, 2293
14995, 2293
14996, 2293
14997, 2137
14998, 2137
14999, 2137
15000, 2137
15001, 2137
15002, 2293
15003, 2293
15004, 2293
15005, 2293
15006, 2293
15007, 2293
15008, 2293
15009, 2293
15010, 2293
15011, 2293
15012, 2293
15013, 2293
15014, 2293
15015, 2293
15016, 2293
15017, 2293
15018, 2293
15019, 2293
15020, 2293
15021, 2293
15022, 2293
15023, 2293
15024, 2293
15025, 2293
15026, 2293
15027, 2293
15028, 2293
15029, 2293
15030, 2293
15031, 2293
15032, 2293
15033, 2293
15034, 2293
15035, 2099
15036, 2099
15037, 2293
15038, 2293
15039, 2293
15040, 2293
15041, 2293
15042, 2293
15043, 2293
15044, 2293
15045, 2293
15046, 2293
15047, 2293
15048, 2293
15049, 2293
15050, 2293
15051, 2293
15052, 2293
15053, 2293
15054, 2293
15055, 2293
15056, 2293
15057, 2293
15058, 2293
15059, 2293
15060, 2293
15061, 2293
15062, 2293
15063, 2099
15064, 2099
15065, 2099
15066, 2099
15067, 2099
15068, 2099
15069, 2099
15070, 2099
15071, 2099
15072, 2099
15073, 2099
15074, 2099
15075, 2099
15076, 2099
15077, 2099
15078, 2099
15079, 2099
15080, 2099
15081, 2099
15082, 2099
15083, 2099
15084, 2099
15085, 2099
15086, 2099
15087, 2099
15088, 2099
15089, 2099
15090, 2099
15091, 2099
15092, 2099
15093, 2099
15094, 2293
15095, 2293
15096, 2293
15097, 2293
15098, 2293
15099, 2293
15100, 2293
15101, 2293
15102, 2293
15103, 2293
15104, 2293
15105, 2293
15106, 2293
15107, 2293
15108, 2293
15109, 2293
15110, 2293
15111, 2293
15112, 2293
15113, 2293
15114, 2293
15115, 2293
15116, 2293
15117, 2293
15118, 2293
15119, 2293
15120, 2293
15121, 2293
15122, 2293
15123, 2293
15124, 2293
15125, 2293
15126, 2293
15127, 2293
15128, 2293
15129, 2293
15130, 2293
15131, 2293
15132, 2293
15133, 2293
15134, 2293
15135, 2293
15136, 2293
15137, 2293
15138, 2293
15139, 2293
15140, 2293
15141, 2293
15142, 2293
15143, 2293
15144, 2293
15145, 2293
15146, 2293
15147, 2293
15148, 2293
15149, 2293
15150, 2293
15151, 2293
15152, 2293
15153, 2293
15154, 2293
15155, 2293
15156, 2293
15157, 2293
15158, 2293
15159, 2137
15160, 2137
15161, 1943
15162, 1943
15163, 1943
15164, 1943
15165, 1943
15166, 1943
15167, 1943
15168, 1943
15169, 1943
15170, 1943
15171, 1943
15172, 1943
15173, 1943
15174, 1943
15175, 2060
15176, 2060
15177, 2060
15178, 1943
15179, 1943
15180, 2137
15181, 2137
15182, 2137
15183, 2137
15184, 2137
15185, 2137
15186, 2137
15187, 2137
15188, 2137
15189, 2137
15190, 2137
15191, 2137
15192, 2137
15193, 2137
15194, 2137
15195, 2137
15196, 2137
15197, 2137
15198, 2137
15199, 2137
15200, 2137
15201, 2293
15202, 2293
15203, 2293
15204, 2137
15205, 2137
15206, 2137
15207, 2137
15208, 2137
15209, 2137
15210, 2137
15211, 2137
15212, 2137
15213, 2137
15214, 2137
15215, 2137
15216, 2137
15217, 2137
15218, 1943
15219, 2137
15220, 2137
15221, 2137
15222, 2137
15223, 2137
15224, 2293
15225, 2293
15226, 2099
15227, 2099
15228, 2099
15229, 2099
15230, 2099
15231, 2177
15232, 2177
15233, 2177
15234, 2177
15235, 2177
15236, 2177
15237, 2177
15238, 2177
15239, 2177
15240, 2177
15241, 2177
15242, 2177
15243, 2177
15244, 2177
15245, 2177
15246, 2177
15247, 2177
15248, 2177
15249, 2177
15250, 2177
15251, 2177
15252, 2177
15253, 2177
15254, 2177
15255, 2177
15256, 2177
15257, 2177
15258, 2177
15259, 2177
15260, 2177
15261, 2177
15262, 2177
15263, 2177
15264, 2177
15265, 2177
15266, 2177
15267, 2177
15268, 2177
15269, 2177
15270, 2177
15271, 2177
15272, 2177
15273, 2177
15274, 2177
15275, 2177
15276, 2177
15277, 2177
15278, 2177
15279, 2177
15280, 2177
15281, 2177
15282, 2177
15283, 2177
15284, 2177
15285, 2177
15286, 2177
15287, 2177
15288, 2177
15289, 2177
15290, 2177
15291, 2177
15292, 2177
15293, 2177
15294, 2177
15295, 2177
15296, 2177
15297, 2177
15298, 2177
15299, 2177
15300, 2177
15301, 2177
15302, 2177
15303, 2177
15304, 2177
15305, 2177
15306, 2177
15307, 2177
15308, 2177
15309, 2177
15310, 2177
15311, 2177
15312, 2177
15313, 2177
15314, 2177
15315, 2099
15316, 2099
15317, 2099
15318, 2099
15319, 2099
15320, 2293
15321, 2293
15322, 2293
15323, 2293
15324, 2293
15325, 2293
15326, 2293
15327, 2293
15328, 2293
15329, 2293
15330, 2293
15331, 2293
15332, 2293
15333, 2293
15334, 2293
15335, 2293
15336, 2293
15337, 2293
15338, 2293
15339, 2099
15340, 2099
15341, 2099
15342, 2099
15343, 2293
15344, 2293
15345, 2293
15346, 2293
15347, 2099
15348, 2293
15349, 2293
15350, 2293
15351, 2293
15352, 2293
15353, 2293
15354, 2293
15355, 2293
15356, 2293
15357, 2293
15358, 2293
15359, 2293
15360, 2293
15361, 2293
15362, 2293
15363, 2293
15364, 2293
15365, 2293
15366, 2293
15367, 2293
15368, 2293
15369, 2137
15370, 2137
15371, 2137
15372, 2137
15373, 2137
15374, 2137
15375, 2137
15376, 2137
15377, 2137
15378, 2137
15379, 2137
15380, 2137
15381, 2137
15382, 2137
15383, 2293
15384, 2293
15385, 2293
15386, 2293
15387, 2293
15388, 2293
15389, 2293
15390, 2293
15391, 2293
15392, 2293
15393, 2293
15394, 2293
15395, 2293
15396, 2293
15397, 2293
15398, 2293
15399, 2293
15400, 2293
15401, 2293
15402, 2293
15403, 2293
15404, 2293
15405, 2293
15406, 2293
15407, 2293
15408, 2293
15409, 2293
15410, 2293
15411, 2293
15412, 2293
15413, 2293
15414, 2293
15415, 2293
15416, 2293
15417, 2293
15418, 2293
15419, 2293
15420, 2293
15421, 2293
15422, 2293
15423, 2293
15424, 2293
15425, 2293
15426, 2293
15427, 2293
15428, 2293
15429, 2293
15430, 2293
15431, 2293
15432, 2293
15433, 2293
15434, 2293
15435, 2293
15436, 2293
15437, 2293
15438, 2293
15439, 2293
15440, 2293
15441, 2293
15442, 2293
15443, 2293
15444, 2293
15445, 2293
15446, 2293
15447, 2293
15448, 2293
15449, 2293
15450, 2293
15451, 2293
15452, 2293
15453, 2293
15454, 2293
15455, 2293
15456, 2293
15457, 2293
15458, 2293
15459, 2293
15460, 2293
15461, 2293
15462, 2099
15463, 2099
15464, 2099
15465, 2099
15466, 2177
15467, 2177
15468, 2177
15469, 2177
15470, 2177
15471, 2177
15472, 2177
15473, 2177
15474, 2177
15475, 2177
15476, 2177
15477, 2177
15478, 2177
15479, 2177
15480, 2177
15481, 2177
15482, 2177
15483, 2177
15484, 2177
15485, 2177
15486, 2177
15487, 2177
15488, 2177
15489, 2177
15490, 2177
15491, 2177
15492, 2177
15493, 2177
15494, 2177
15495, 2177
15496, 2177
15497, 2177
15498, 2177
15499, 2177
15500, 2177
15501, 2177
15502, 2177
15503, 2177
15504, 2177
15505, 2177
15506, 2177
15507, 2177
15508, 2177
15509, 2177
15510, 2177
15511, 2177
15512, 2177
15513, 2177
15514, 2177
15515, 2099
15516, 2099
15517, 2099
15518, 2099
15519, 2099
15520, 2177
15521, 2177
15522, 2177
15523, 2177
15524, 2177
15525, 2177
15526, 2177
15527, 2177
15528, 2177
15529, 2099
15530, 2099
15531, 2099
15532, 2099
15533, 2177
15534, 2177
15535, 2177
15536, 2177
15537, 2177
15538, 2177
15539, 2177
15540, 2177
15541, 2177
15542, 2177
15543, 2177
15544, 2177
15545, 2177
15546, 2099
15547, 2177
15548, 2177
15549, 2099
15550, 2099
15551, 2099
15552, 2099
15553, 2099
15554, 2099
15555, 2099
15556, 2099
15557, 2099
15558, 2099
15559, 2099
15560, 2099
15561, 2099
15562, 2099
15563, 2099
15564, 2099
15565, 2099
15566, 2099
15567, 2099
15568, 2099
15569, 2099
15570, 2099
15571, 2099
15572, 2099
15573, 2099
15574, 2099
15575, 2099
15576, 2099
15577, 2099
15578, 2099
15579, 2099
15580, 2099
15581, 2099
15582, 2177
15583, 2177
15584, 2177
15585, 2177
15586, 2177
15587, 2177
15588, 2177
15589, 2177
15590, 2177
15591, 2177
15592, 2177
15593, 2177
15594, 2177
15595, 2177
15596, 2177
15597, 2177
15598, 2177
15599, 2177
15600, 2177
15601, 2177
15602, 2177
15603, 2177
15604, 2177
15605, 2177
15606, 2177
15607, 2177
15608, 2177
15609, 2177
15610, 2177
15611, 2177
15612, 2177
15613, 2177
15614, 2177
15615, 2177
15616, 2177
15617, 2177
15618, 2177
15619, 2177
15620, 2177
15621, 2177
15622, 2177
15623, 2177
15624, 2177
15625, 2177
15626, 2177
15627, 2177
15628, 2177
15629, 2177
15630, 2177
15631, 2177
15632, 2177
15633, 2177
15634, 2177
15635, 2177
15636, 2177
15637, 2177
15638, 2177
15639, 2099
15640, 2099
15641, 2099
15642, 2099
15643, 2099
15644, 2099
15645, 2099
15646, 2099
15647, 2099
15648, 2099
15649, 2099
15650, 2099
15651, 2099
15652, 2099
15653, 2099
15654, 2293
15655, 2293
15656, 2293
15657, 2293
15658, 2293
15659, 2293
15660, 2293
15661, 2293
15662, 2293
15663, 2293
15664, 2293
15665, 2293
15666, 2293
15667, 2293
15668, 2293
15669, 2293
15670, 2099
15671, 2099
15672, 2099
15673, 2099
15674, 2099
15675, 2099
15676, 2099
15677, 2099
15678, 2293
15679, 2293
15680, 2293
15681, 2293
15682, 2293
15683, 2293
15684, 2293
15685, 2293
15686, 2293
15687, 2293
15688, 2293
15689, 2293
15690, 2293
15691, 2293
15692, 2293
15693, 2293
15694, 2293
15695, 2293
15696, 2137
15697, 2137
15698, 2137
15699, 2137
15700, 2137
15701, 2137
15702, 2137
15703, 2137
15704, 2137
15705, 2137
15706, 1943
15707, 1943
15708, 1943
15709, 1943
15710, 1943
15711, 2060
15712, 2060
15713, 1943
15714, 1943
15715, 1943
15716, 2137
15717, 2137
15718, 2137
15719, 2137
15720, 2137
15721, 2137
15722, 2137
15723, 2137
15724, 2137
15725, 2137
15726, 2137
15727, 2137
15728, 2137
15729, 2137
15730, 2137
15731, 2137
15732, 2137
15733, 2137
15734, 2137
15735, 2137
15736, 2137
15737, 2137
15738, 2137
15739, 2137
15740, 2137
15741, 2137
15742, 2137
15743, 2137
15744, 2137
15745, 2137
15746, 2137
15747, 2137
15748, 2137
15749, 2137
15750, 1943
15751, 1943
15752, 1943
15753, 2137
15754, 2137
15755, 2137
15756, 2137
15757, 2137
15758, 2137
15759, 2137
15760, 2137
15761, 2137
15762, 2137
15763, 2137
15764, 2137
15765, 2137
15766, 2293
15767, 2293
15768, 2293
15769, 2293
15770, 2293
15771, 2293
15772, 2293
15773, 2293
15774, 2293
15775, 2293
15776, 2293
15777, 2293
15778, 2137
15779, 2137
15780, 2137
15781, 2137
15782, 2137
15783, 2137
15784, 2137
15785, 2137
15786, 2137
15787, 2137
15788, 2137
15789, 2137
15790, 2137
15791, 2137
15792, 2137
15793, 2137
15794, 2137
15795, 2137
15796, 2137
15797, 2137
15798, 2137
15799, 2137
15800, 2137
15801, 2137
15802, 2137
15803, 2137
15804, 1943
15805, 1943
15806, 1943
15807, 1943
15808, 2137
15809, 2137
15810, 2137
15811, 2137
15812, 2137
15813, 2137
15814, 2137
15815, 2137
15816, 2137
15817, 2293
15818, 2293
15819, 2293
15820, 2293
15821, 2293
15822, 2293
15823, 2293
15824, 2293
15825, 2293
15826, 2293
15827, 2099
15828, 2099
15829, 2099
15830, 2099
15831, 2099
15832, 2177
15833, 2177
15834, 2177
15835, 2177
15836, 2177
15837, 2177
15838, 2177
15839, 2177
15840, 2177
15841, 2177
15842, 2177
15843, 2177
15844, 2177
15845, 2177
15846, 2177
15847, 2177
15848, 2177
15849, 2177
15850, 2177
15851, 2177
15852, 2177
15853, 2099
15854, 2099
15855, 2099
15856, 2099
15857, 2177
15858, 2177
15859, 2177
15860, 2177
15861, 2177
15862, 2099
15863, 2099
15864, 2099
15865, 2293
15866, 2293
15867, 2293
15868, 2137
15869, 2137
15870, 2137
15871, 2137
15872, 2137
15873, 2137
15874, 2137
15875, 2137
15876, 2137
15877, 2137
15878, 2137
15879, 2137
15880, 2137
15881, 2137
15882, 2137
15883, 2137
15884, 2137
15885, 2137
15886, 2137
15887, 2137
15888, 2137
15889, 2137
15890, 2137
15891, 2137
15892, 2137
15893, 2137
15894, 2137
15895, 2137
15896, 2137
15897, 2137
15898, 2137
15899, 2137
15900, 2137
15901, 2137
15902, 2137
15903, 2137
15904, 2137
15905, 2137
15906, 2137
15907, 2293
15908, 2293
15909, 2293
15910, 2293
15911, 2293
15912, 2293
15913, 2293
15914, 2293
15915, 2293
15916, 2293
15917, 2293
15918, 2293
15919, 2293
15920, 2293
15921, 2293
15922, 2293
15923, 2293
15924, 2293
15925, 2293
15926, 2293
15927, 2293
15928, 2293
15929, 2293
15930, 2137
15931, 2137
15932, 2137
15933, 2137
15934, 2137
15935, 2293
15936, 2293
15937, 2293
15938, 2293
15939, 2293
15940, 2293
15941, 2293
15942, 2293
15943, 2293
15944, 2293
15945, 2137
15946, 2137
15947, 2137
15948, 2137
15949, 2137
15950, 2293
15951, 2293
15952, 2293
15953, 2293
15954, 2293
15955, 2293
15956, 2293
15957, 2293
15958, 2293
15959, 2293
15960, 2293
15961, 2293
15962, 2293
15963, 2293
15964, 2293
15965, 2293
15966, 2293
15967, 2293
15968, 2293
15969, 2293
15970, 2293
15971, 2293
15972, 2293
15973, 2137
15974, 2137
15975, 2137
15976, 2137
15977, 2137
15978, 2137
15979, 2137
15980, 2137
15981, 2137
15982, 2137
15983, 2137
15984, 2137
15985, 2137
15986, 2137
15987, 2137
15988, 2137
15989, 2137
15990, 2137
15991, 2137
15992, 2137
15993, 2137
15994, 2137
15995, 2137
15996, 2137
15997, 2137
15998, 2137
15999, 2137
16000, 2293
16001, 2293
16002, 2293
16003, 2293
16004, 2293
16005, 2293
16006, 2293
16007, 2293
16008, 2293
16009, 2293
16010, 2293
16011, 2293
16012, 2293
16013, 2293
16014, 2293
16015, 2293
16016, 2293
16017, 2293
16018, 2293
16019, 2293
16020, 2293
16021, 2293
16022, 2293
16023, 2293
16024, 2293
16025, 2293
16026, 2293
16027, 2293
16028, 2293
16029, 2293
16030, 2293
16031, 2293
16032, 2293
16033, 2293
16034, 2293
16035, 2293
16036, 2293
16037, 2293
16038, 2293
16039, 2293
16040, 2293
16041, 2293
16042, 2293
16043, 2293
16044, 2293
16045, 2293
16046, 2293
16047, 2293
16048, 2293
16049, 2293
16050, 2293
16051, 2293
16052, 2293
16053, 2293
16054, 2293
16055, 2099
16056, 2099
16057, 2099
16058, 2293
16059, 2293
16060, 2293
16061, 2293
16062, 2293
16063, 2293
16064, 2293
16065, 2293
16066, 2293
16067, 2293
16068, 2293
16069, 2293
16070, 2293
16071, 2293
16072, 2293
16073, 2293
16074, 2137
16075, 2137
16076, 2137
16077, 2137
16078, 2137
16079, 1943
16080, 1943
16081, 1943
16082, 1943
16083, 1943
16084, 1943
16085, 1943
16086, 1943
16087, 1943
16088, 1943
16089, 1943
16090, 1943
16091, 1943
16092, 2137
16093, 2137
16094, 2137
16095, 2137
16096, 2137
16097, 2137
16098, 2137
16099, 2137
16100, 2137
16101, 2137
16102, 2137
16103, 2137
16104, 2137
16105, 2137
16106, 2137
16107, 2137
16108, 2293
16109, 2293
16110, 2099
16111, 2099
16112, 2099
16113, 2099
16114, 2099
16115, 2099
16116, 2099
16117, 2099
16118, 2099
16119, 2099
16120, 2293
16121, 2293
16122, 2293
16123, 2293
16124, 2293
16125, 2293
16126, 2293
16127, 2293
16128, 2293
16129, 2293
16130, 2293
16131, 2293
16132, 2293
16133, 2293
16134, 2293
16135, 2293
16136, 2293
16137, 2293
16138, 2099
16139, 2099
16140, 2099
16141, 2099
16142, 2099
16143, 2099
16144, 2099
16145, 2099
16146, 2099
16147, 2099
16148, 2099
16149, 2099
16150, 2099
16151, 2099
16152, 2099
16153, 2099
16154, 2099
16155, 2177
16156, 2177
16157, 2177
16158, 2177
16159, 2177
16160, 2177
16161, 2177
16162, 2177
16163, 2177
16164, 2177
16165, 2177
16166, 2177
16167, 2177
16168, 2099
16169, 2099
16170, 2099
16171, 2099
16172, 2099
16173, 2099
16174, 2177
16175, 2177
16176, 2177
16177, 2177
16178, 2177
16179, 2177
16180, 2177
16181, 2177
16182, 2177
16183, 2177
16184, 2177
16185, 2177
16186, 2177
16187, 2177
16188, 2177
16189, 2177
16190, 2177
16191, 2177
16192, 2177
16193, 2177
16194, 2177
16195, 2177
16196, 2177
16197, 2177
16198, 2177
16199, 2177
16200, 2177
16201, 2177
16202, 2177
16203, 2177
16204, 2177
16205, 2177
16206, 2177
16207, 2177
16208, 2177
16209, 2177
16210, 2099
16211, 2099
16212, 2099
16213, 2099
16214, 2099
16215, 2099
16216, 2099
16217, 2099
16218, 2099
16219, 2099
16220, 2099
16221, 2099
16222, 2099
16223, 2099
16224, 2099
16225, 2099
16226, 2099
16227, 2099
16228, 2099
16229, 2099
16230, 2099
16231, 2099
16232, 2099
16233, 2293
16234, 2293
16235, 2293
16236, 2293
16237, 2293
16238, 2293
16239, 2293
16240, 2293
16241, 2293
16242, 2293
16243, 2293
16244, 2293
16245, 2293
16246, 2293
16247, 2293
16248, 2293
16249, 2293
16250, 2293
16251, 2099
16252, 2099
16253, 2099
16254, 2177
16255, 2177
16256, 2099
16257, 2099
16258, 2099
16259, 2099
16260, 2099
16261, 2099
16262, 2177
16263, 2177
16264, 2177
16265, 2177
16266, 2177
16267, 2177
16268, 2177
16269, 2177
16270, 2177
16271, 2177
16272, 2177
16273, 2177
16274, 2177
16275, 2177
16276, 2177
16277, 2177
16278, 2177
16279, 2177
16280, 2177
16281, 2177
16282, 2177
16283, 2099
16284, 2293
16285, 2293
16286, 2293
16287, 2293
16288, 2293
16289, 2099
16290, 2099
16291, 2099
16292, 2099
16293, 2099
16294, 2099
16295, 2099
16296, 2099
16297, 2099
16298, 2177
16299, 2177
16300, 2177
16301, 2177
16302, 2177
16303, 2177
16304, 2177
16305, 2177
16306, 2177
16307, 2177
16308, 2177
16309, 2177
16310, 2177
16311, 2177
16312, 2177
16313, 2177
16314, 2177
16315, 2177
16316, 2177
16317, 2177
16318, 2177
16319, 2177
16320, 2177
16321, 2177
16322, 2177
16323, 2177
16324, 2177
16325, 2177
16326, 2177
16327, 2177
16328, 2177
16329, 2177
16330, 2177
16331, 2177
16332, 2177
16333, 2177
16334, 2099
16335, 2177
16336, 2099
16337, 2099
16338, 2099
16339, 2099
16340, 2099
16341, 2099
16342, 2099
16343, 2099
16344, 2099
16345, 2099
16346, 2099
16347, 2293
16348, 2293
16349, 2293
16350, 2293
16351, 2293
16352, 2293
16353, 2293
16354, 2293
16355, 2293
16356, 2293
16357, 2293
16358, 2293
16359, 2293
16360, 2293
16361, 2293
16362, 2293
16363, 2293
16364, 2293
16365, 2293
16366, 2293
16367, 2293
16368, 2293
16369, 2293
16370, 2293
16371, 2137
16372, 2137
16373, 2137
16374, 2137
16375, 2137
16376, 2293
16377, 2293
16378, 2137
16379, 2137
16380, 2137
16381, 2137
16382, 2137
16383, 2137
16384, 2137
16385, 2137
16386, 2137
16387, 2137
16388, 2137
16389, 2137
16390, 2137
16391, 2137
16392, 2137
16393, 2293
16394, 2293
16395, 2293
16396, 2293
16397, 2293
16398, 2293
16399, 2293
16400, 2293
16401, 2293
16402, 2293
16403, 2293
16404, 2293
16405, 2293
16406, 2293
16407, 2293
16408, 2293
16409, 2293
16410, 2099
16411, 2099
16412, 2099
16413, 2099
16414, 2099
16415, 2099
16416, 2099
16417, 2099
16418, 2099
16419, 2099
16420, 2099
16421, 2099
16422, 2099
16423, 2099
16424, 2099
16425, 2099
16426, 2099
16427, 2099
16428, 2099
16429, 2177
16430, 2177
16431, 2177
16432, 2177
16433, 2177
16434, 2177
16435, 2177
16436, 2177
16437, 2177
16438, 2177
16439, 2177
16440, 2177
16441, 2177
16442, 2177
16443, 2177
16444, 2177
16445, 2177
16446, 2177
16447, 2177
16448, 2177
16449, 2177
16450, 2177
16451, 2177
16452, 2177
16453, 2177
16454, 2177
16455, 2177
16456, 2177
16457, 2177
16458, 2177
16459, 2177
16460, 2177
16461, 2177
16462, 2177
16463, 2177
16464, 2177
16465, 2177
16466, 2177
16467, 2177
16468, 2177
16469, 2177
16470, 2177
16471, 2177
16472, 2177
16473, 2177
16474, 2177
16475, 2177
16476, 2177
16477, 2177
16478, 2177
16479, 2177
16480, 2177
16481, 2177
16482, 2177
16483, 2177
16484, 2177
16485, 2177
16486, 2177
16487, 2177
16488, 2177
16489, 2177
16490, 2177
16491, 2177
16492, 2177
16493, 2177
16494, 2177
16495, 2177
16496, 2177
16497, 2177
16498, 2177
16499, 2177
16500, 2177
16501, 2177
16502, 2177
16503, 2177
16504, 2177
16505, 2177
16506, 2177
16507, 2177
16508, 2099
16509, 2099
16510, 2099
16511, 2099
16512, 2099
16513, 2099
16514, 2099
16515, 2099
16516, 2099
16517, 2099
16518, 2099
16519, 2099
16520, 2099
16521, 2099
16522, 2099
16523, 2099
16524, 2099
16525, 2099
16526, 2099
16527, 2177
16528, 2177
16529, 2177
16530, 2177
16531, 2177
16532, 2177
16533, 2177
16534, 2177
16535, 2177
16536, 2177
16537, 2177
16538, 2177
16539, 2177
16540, 2177
16541, 2177
16542, 2177
16543, 2177
16544, 2177
16545, 2177
16546, 2177
16547, 2177
16548, 2177
16549, 2177
16550, 2177
16551, 2177
16552, 2177
16553, 2177
16554, 2177
16555, 2177
16556, 2177
16557, 2177
16558, 2099
16559, 2293
16560, 2293
16561, 2293
16562, 2293
16563, 2293
16564, 2293
16565, 2293
16566, 2293
16567, 2099
16568, 2099
16569, 2099
16570, 2099
16571, 2099
16572, 2099
16573, 2099
16574, 2099
16575, 2099
16576, 2099
16577, 2099
16578, 2099
16579, 2099
16580, 2099
16581, 2099
16582, 2099
16583, 2099
16584, 2099
16585, 2099
16586, 2099
16587, 2099
16588, 2099
16589, 2099
16590, 2099
16591, 2099
16592, 2099
16593, 2099
16594, 2099
16595, 2099
16596, 2177
16597, 2177
16598, 2177
16599, 2177
16600, 2177
16601, 2177
16602, 2177
16603, 2177
16604, 2177
16605, 2177
16606, 2177
16607, 2177
16608, 2177
16609, 2177
16610, 2177
16611, 2177
16612, 2177
16613, 2177
16614, 2177
16615, 2177
16616, 2177
16617, 2177
16618, 2177
16619, 2177
16620, 2177
16621, 2177
16622, 2177
16623, 2177
16624, 2099
16625, 2293
16626, 2293
16627, 2293
16628, 2293
16629, 2293
16630, 2293
16631, 2293
16632, 2293
16633, 2293
16634, 2293
16635, 2293
16636, 2293
16637, 2293
16638, 2293
16639, 2293
16640, 2293
16641, 2293
16642, 2293
16643, 2293
16644, 2293
16645, 2293
16646, 2293
16647, 2293
16648, 2293
16649, 2293
16650, 2293
16651, 2293
16652, 2293
16653, 2293
16654, 2293
16655, 2293
16656, 2099
16657, 2099
16658, 2099
16659, 2099
16660, 2177
16661, 2177
16662, 2177
16663, 2177
16664, 2177
16665, 2177
16666, 2177
16667, 2177
16668, 2177
16669, 2177
16670, 2177
16671, 2177
16672, 2177
16673, 2177
16674, 2177
16675, 2177
16676, 2177
16677, 2177
16678, 2177
16679, 2177
16680, 2177
16681, 2177
16682, 2177
16683, 2177
16684, 2177
16685, 2177
16686, 2177
16687, 2177
16688, 2177
16689, 2177
16690, 2177
16691, 2177
16692, 2177
16693, 2177
16694, 2177
16695, 2177
16696, 2177
16697, 2177
16698, 2177
16699, 2177
16700, 2177
16701, 2177
16702, 2177
16703, 2177
16704, 2177
16705, 2177
16706, 2177
16707, 2177
16708, 2177
16709, 2177
16710, 2177
16711, 2177
16712, 2177
16713, 2177
16714, 2177
16715, 2177
16716, 2177
16717, 2177
16718, 2177
16719, 2177
16720, 2177
16721, 2177
16722, 2177
16723, 2177
16724, 2177
16725, 2177
16726, 2177
16727, 2177
16728, 2177
16729, 2177
16730, 2177
16731, 2177
16732, 2177
16733, 2177
16734, 2177
16735, 2177
16736, 2177
16737, 2177
16738, 2099
16739, 2099
16740, 2099
16741, 2099
16742, 2099
16743, 2099
16744, 2099
16745, 2099
16746, 2099
16747, 2099
16748, 2099
16749, 2099
16750, 2293
16751, 2293
16752, 2293
16753, 2293
16754, 2293
16755, 2293
16756, 2293
16757, 2293
16758, 2293
16759, 2293
16760, 2293
16761, 2293
16762, 2293
16763, 2293
16764, 2293
16765, 2293
16766, 2293
16767, 2293
16768, 2293
16769, 2099
16770, 2099
16771, 2099
16772, 2099
16773, 2293
16774, 2293
16775, 2293
16776, 2137
16777, 2137
16778, 2137
16779, 2137
16780, 2137
16781, 2137
16782, 2137
16783, 2293
16784, 2293
16785, 2293
16786, 2293
16787, 2293
16788, 2293
16789, 2293
16790, 2293
16791, 2293
16792, 2293
16793, 2293
16794, 2293
16795, 2293
16796, 2099
16797, 2099
16798, 2099
16799, 2099
16800, 2099
16801, 2099
16802, 2099
16803, 2099
16804, 2293
16805, 2293
16806, 2293
16807, 2293
16808, 2293
16809, 2293
16810, 2099
16811, 2099
16812, 2099
16813, 2099
16814, 2099
16815, 2099
16816, 2099
16817, 2099
16818, 2099
16819, 2099
16820, 2099
16821, 2099
16822, 2099
16823, 2293
16824, 2293
16825, 2293
16826, 2293
16827, 2293
16828, 2293
16829, 2293
16830, 2293
16831, 2293
16832, 2293
16833, 2293
16834, 2293
16835, 2293
16836, 2293
16837, 2293
16838, 2293
16839, 2293
16840, 2293
16841, 2293
16842, 2293
16843, 2293
16844, 2293
16845, 2293
16846, 2293
16847, 2293
16848, 2293
16849, 2293
16850, 2293
16851, 2293
16852, 2293
16853, 2293
16854, 2293
16855, 2293
16856, 2293
16857, 2293
16858, 2293
16859, 2293
16860, 2099
16861, 2099
16862, 2293
16863, 2293
16864, 2293
16865, 2293
16866, 2293
16867, 2293
16868, 2293
16869, 2293
16870, 2293
16871, 2293
16872, 2293
16873, 2293
16874, 2293
16875, 2137
16876, 2137
16877, 2137
16878, 2137
16879, 2137
16880, 2137
16881, 2137
16882, 1943
16883, 2060
16884, 2060
16885, 2060
16886, 2060
16887, 2060
16888, 2060
16889, 2060
16890, 2060
16891, 2060
16892, 2060
16893, 2060
16894, 2060
16895, 2060
16896, 2060
16897, 2060
16898, 2060
16899, 2060
16900, 2060
16901, 2060
16902, 2060
16903, 2060
16904, 2060
16905, 2060
16906, 2060
16907, 2060
16908, 2060
16909, 2060
16910, 2060
16911, 2060
16912, 2060
16913, 1943
16914, 2137
16915, 2137
16916, 2137
16917, 2137
16918, 2137
16919, 2137
16920, 2137
16921, 2293
16922, 2293
16923, 2293
16924, 2293
16925, 2293
16926, 2137
16927, 2137
16928, 2137
16929, 2137
16930, 2137
16931, 2137
16932, 2137
16933, 2137
16934, 2137
16935, 2137
16936, 2137
16937, 2293
16938, 2293
16939, 2293
16940, 2293
16941, 2293
16942, 2293
16943, 2099
16944, 2099
16945, 2099
16946, 2177
16947, 2177
16948, 2177
16949, 2177
16950, 2177
16951, 2177
16952, 2177
16953, 2177
16954, 2177
16955, 2177
16956, 2177
16957, 2177
16958, 2177
16959, 2177
16960, 2177
16961, 2177
16962, 2177
16963, 2177
16964, 2177
16965, 2177
16966, 2177
16967, 2177
16968, 2177
16969, 2177
16970, 2177
16971, 2177
16972, 2177
16973, 2177
16974, 2177
16975, 2177
16976, 2177
16977, 2177
16978, 2177
16979, 2177
16980, 2177
16981, 2177
16982, 2177
16983, 2177
16984, 2177
16985, 2177
16986, 2177
16987, 2177
16988, 2177
16989, 2177
16990, 2177
16991, 2177
16992, 2177
16993, 2177
16994, 2177
16995, 2177
16996, 2177
16997, 2177
16998, 2177
16999, 2177
17000, 2177
17001, 2177
17002, 2177
17003, 2177
17004, 2177
17005, 2177
17006, 2177
17007, 2177
17008, 2177
17009, 2177
17010, 2177
17011, 2177
17012, 2177
17013, 2177
17014, 2177
17015, 2177
17016, 2177
17017, 2177
17018, 2177
17019, 2177
17020, 2177
17021, 2177
17022, 2177
17023, 2177
17024, 2177
17025, 2177
17026, 2177
17027, 2177
17028, 2177
17029, 2177
17030, 2177
17031, 2177
17032, 2177
17033, 2177
17034, 2177
17035, 2177
17036, 2177
17037, 2177
17038, 2177
17039, 2177
17040, 2177
17041, 2177
17042, 2177
17043, 2177
17044, 2177
17045, 2177
17046, 2177
17047, 2177
17048, 2177
17049, 2177
17050, 2177
17051, 2177
17052, 2177
17053, 2177
17054, 2177
17055, 2177
17056, 2177
17057, 2177
17058, 2177
17059, 2177
17060, 2177
17061, 2177
17062, 2177
17063, 2177
17064, 2177
17065, 2177
17066, 2177
17067, 2177
17068, 2177
17069, 2177
17070, 2177
17071, 2177
17072, 2177
17073, 2177
17074, 2177
17075, 2177
17076, 2177
17077, 2177
17078, 2177
17079, 2177
17080, 2177
17081, 2177
17082, 2177
17083, 2177
17084, 2177
17085, 2177
17086, 2177
17087, 2177
17088, 2177
17089, 2177
17090, 2177
17091, 2177
17092, 2177
17093, 2177
17094, 2177
17095, 2177
17096, 2177
17097, 2177
17098, 2177
17099, 2099
17100, 2099
17101, 2099
17102, 2099
17103, 2099
17104, 2099
17105, 2099
17106, 2177
17107, 2177
17108, 2177
17109, 2177
17110, 2177
17111, 2177
17112, 2177
17113, 2177
17114, 2177
17115, 2177
17116, 2177
17117, 2177
17118, 2177
17119, 2177
17120, 2177
17121, 2177
17122, 2177
17123, 2177
17124, 2177
17125, 2177
17126, 2177
17127, 2177
17128, 2177
17129, 2177
17130, 2177
17131, 2177
17132, 2177
17133, 2177
17134, 2177
17135, 2177
17136, 2177
17137, 2177
17138, 2177
17139, 2177
17140, 2177
17141, 2177
17142, 2177
17143, 2177
17144, 2177
17145, 2177
17146, 2177
17147, 2177
17148, 2177
17149, 2177
17150, 2177
17151, 2177
17152, 2177
17153, 2177
17154, 2177
17155, 2177
17156, 2177
17157, 2177
17158, 2177
17159, 2177
17160, 2177
17161, 2177
17162, 2177
17163, 2177
17164, 2177
17165, 2177
17166, 2177
17167, 2177
17168, 2177
17169, 2177
17170, 2177
17171, 2177
17172, 2177
17173, 2177
17174, 2177
17175, 2177
17176, 2177
17177, 2177
17178, 2177
17179, 2177
17180, 2177
17181, 2177
17182, 2177
17183, 2177
17184, 2177
17185, 2099
17186, 2099
17187, 2099
17188, 2099
17189, 2099
17190, 2099
17191, 2099
17192, 2099
17193, 2099
17194, 2177
17195, 2177
17196, 2177
17197, 2177
17198, 2177
17199, 2177
17200, 2177
17201, 2177
17202, 2177
17203, 2177
17204, 2177
17205, 2177
17206, 2177
17207, 2177
17208, 2177
17209, 2177
17210, 2177
17211, 2177
17212, 2177
17213, 2177
17214, 2177
17215, 2177
17216, 2177
17217, 2177
17218, 2177
17219, 2177
17220, 2177
17221, 2177
17222, 2177
17223, 2177
17224, 2177
17225, 2177
17226, 2177
17227, 2177
17228, 2177
17229, 2177
17230, 2177
17231, 2177
17232, 2177
17233, 2177
17234, 2177
17235, 2177
17236, 2177
17237, 2177
17238, 2177
17239, 2177
17240, 2099
17241, 2099
17242, 2099
17243, 2099
17244, 2177
17245, 2177
17246, 2177
17247, 2177
17248, 2177
17249, 2177
17250, 2177
17251, 2177
17252, 2177
17253, 2177
17254, 2177
17255, 2177
17256, 2177
17257, 2177
17258, 2177
17259, 2177
17260, 2177
17261, 2177
17262, 2177
17263, 2177
17264, 2177
17265, 2177
17266, 2177
17267, 2177
17268, 2177
17269, 2177
17270, 2177
17271, 2177
17272, 2099
17273, 2099
17274, 2099
17275, 2099
17276, 2099
17277, 2099
17278, 2099
17279, 2099
17280, 2099
17281, 2099
17282, 2099
17283, 2099
17284, 2099
17285, 2099
17286, 2177
17287, 2177
17288, 2177
17289, 2177
17290, 2177
17291, 2177
17292, 2177
17293, 2177
17294, 2177
17295, 2177
17296, 2177
17297, 2177
17298, 2177
17299, 2177
17300, 2177
17301, 2177
17302, 2177
17303, 2177
17304, 2177
17305, 2177
17306, 2177
17307, 2177
17308, 2177
17309, 2177
17310, 2177
17311, 2177
17312, 2177
17313, 2177
17314, 2177
17315, 2177
17316, 2177
17317, 2177
17318, 2177
17319, 2177
17320, 2177
17321, 2177
17322, 2177
17323, 2177
17324, 2177
17325, 2177
17326, 2177
17327, 2177
17328, 2177
17329, 2177
17330, 2177
17331, 2177
17332, 2177
17333, 2177
17334, 2177
17335, 2177
17336, 2177
17337, 2177
17338, 2177
17339, 2177
17340, 2177
17341, 2177
17342, 2177
17343, 2177
17344, 2177
17345, 2177
17346, 2177
17347, 2177
17348, 2177
17349, 2177
17350, 2177
17351, 2177
17352, 2177
17353, 2177
17354, 2177
17355, 2177
17356, 2177
17357, 2177
17358, 2177
17359, 2177
17360, 2177
17361, 2177
17362, 2177
17363, 2177
17364, 2177
17365, 2177
17366, 2177
17367, 2177
17368, 2177
17369, 2177
17370, 2177
17371, 2177
17372, 2177
17373, 2177
17374, 2177
17375, 2177
17376, 2177
17377, 2177
17378, 2177
17379, 2177
17380, 2177
17381, 2177
17382, 2099
17383, 2099
17384, 2099
17385, 2099
17386, 2099
17387, 2099
17388, 2099
17389, 2099
17390, 2099
17391, 2099
17392, 2099
17393, 2099
17394, 2099
17395, 2099
17396, 2099
17397, 2099
17398, 2099
17399, 2099
17400, 2099
17401, 2099
17402, 2099
17403, 2099
17404, 2099
17405, 2099
17406, 2099
17407, 2099
17408, 2099
17409, 2099
17410, 2099
17411, 2099
17412, 2099
17413, 2099
17414, 2099
17415, 2099
17416, 2099
17417, 2099
17418, 2099
17419, 2099
17420, 2099
17421, 2099
17422, 2099
17423, 2099
17424, 2099
17425, 2099
17426, 2099
17427, 2099
17428, 2099
17429, 2099
17430, 2099
17431, 2099
17432, 2099
17433, 2099
17434, 2099
17435, 2099
17436, 2099
17437, 2099
17438, 2099
17439, 2099
17440, 2099
17441, 2099
17442, 2099
17443, 2099
17444, 2099
17445, 2099
17446, 2099
17447, 2293
17448, 2293
17449, 2293
17450, 2293
17451, 2293
17452, 2293
17453, 2293
17454, 2293
17455, 2293
17456, 2293
17457, 2293
17458, 2293
17459, 2293
17460, 2099
17461, 2177
17462, 2177
17463, 2099
17464, 2177
17465, 2177
17466, 2177
17467, 2177
17468, 2177
17469, 2177
17470, 2177
17471, 2177
17472, 2177
17473, 2177
17474, 2177
17475, 2177
17476, 2177
17477, 2177
17478, 2177
17479, 2177
17480, 2177
17481, 2177
17482, 2177
17483, 2177
17484, 2177
17485, 2177
17486, 2177
17487, 2177
17488, 2177
17489, 2177
17490, 2177
17491, 2177
17492, 2177
17493, 2177
17494, 2177
17495, 2177
17496, 2177
17497, 2177
17498, 2177
17499, 2177
17500, 2177
17501, 2177
17502, 2177
17503, 2177
17504, 2177
17505, 2177
17506, 2177
17507, 2177
17508, 2177
17509, 2177
17510, 2177
17511, 2177
17512, 2177
17513, 2177
17514, 2177
17515, 2177
17516, 2177
17517, 2177
17518, 2177
17519, 2099
17520, 2099
17521, 2099
17522, 2293
17523, 2293
17524, 2293
17525, 2293
17526, 2137
17527, 2137
17528, 2137
17529, 2137
17530, 2137
17531, 2137
17532, 2137
17533, 2293
17534, 2293
17535, 2293
17536, 2293
17537, 2293
17538, 2293
17539, 2293
17540, 2293
17541, 2293
17542, 2293
17543, 2293
17544, 2293
17545, 2293
17546, 2293
17547, 2293
17548, 2293
17549, 2293
17550, 2293
17551, 2293
17552, 2293
17553, 2293
17554, 2293
17555, 2293
17556, 2293
17557, 2293
17558, 2293
17559, 2293
17560, 2293
17561, 2293
17562, 2293
17563, 2293
17564, 2293
17565, 2293
17566, 2293
17567, 2293
17568, 2293
17569, 2293
17570, 2293
17571, 2293
17572, 2293
17573, 2293
17574, 2293
17575, 2293
17576, 2293
17577, 2293
17578, 2293
17579, 2137
17580, 2137
17581, 1943
17582, 1943
17583, 2137
17584, 2137
17585, 2137
17586, 2137
17587, 2137
17588, 2137
17589, 2137
17590, 2137
17591, 2137
17592, 2137
17593, 2137
17594, 2137
17595, 2137
17596, 2137
17597, 2137
17598, 2137
17599, 2137
17600, 2137
17601, 2137
17602, 2137
17603, 2137
17604, 2137
17605, 2137
17606, 2137
17607, 2137
17608, 2137
17609, 2137
17610, 2137
17611, 2137
17612, 2137
17613, 2137
17614, 2137
17615, 2137
17616, 2137
17617, 2137
17618, 2137
17619, 2293
17620, 2293
17621, 2293
17622, 2293
17623, 2293
17624, 2293
17625, 2293
17626, 2293
17627, 2293
17628, 2137
17629, 2137
17630, 2137
17631, 2137
17632, 2137
17633, 2137
17634, 2137
17635, 2137
17636, 2137
17637, 2137
17638, 2137
17639, 2137
17640, 2137
17641, 2137
17642, 2137
17643, 2137
17644, 2137
17645, 2137
17646, 2137
17647, 2137
17648, 2137
17649, 2137
17650, 2137
17651, 2293
17652, 2293
17653, 2293
17654, 2293
17655, 2137
17656, 2137
17657, 2293
17658, 2293
17659, 2293
17660, 2293
17661, 2293
17662, 2293
17663, 2293
17664, 2293
17665, 2293
17666, 2293
17667, 2293
17668, 2293
17669, 2293
17670, 2293
17671, 2293
17672, 2293
17673, 2293
17674, 2293
17675, 2293
17676, 2293
17677, 2293
17678, 2293
17679, 2293
17680, 2293
17681, 2293
17682, 2099
17683, 2099
17684, 2099
17685, 2099
17686, 2099
17687, 2099
17688, 2099
17689, 2099
17690, 2099
17691, 2099
17692, 2099
17693, 2293
17694, 2293
17695, 2293
17696, 2293
17697, 2293
17698, 2293
17699, 2293
17700, 2293
17701, 2293
17702, 2293
17703, 2293
17704, 2137
17705, 2137
17706, 2137
17707, 2137
17708, 2137
17709, 2137
17710, 2137
17711, 2137
17712, 2293
17713, 2293
17714, 2293
17715, 2293
17716, 2293
17717, 2293
17718, 2293
17719, 2293
17720, 2293
17721, 2293
17722, 2293
17723, 2293
17724, 2293
17725, 2293
17726, 2293
17727, 2293
17728, 2293
17729, 2293
17730, 2293
17731, 2293
17732, 2293
17733, 2293
17734, 2293
17735, 2293
17736, 2293
17737, 2293
17738, 2293
17739, 2293
17740, 2293
17741, 2293
17742, 2293
17743, 2293
17744, 2293
17745, 2293
17746, 2293
17747, 2293
17748, 2293
17749, 2293
17750, 2293
17751, 2293
17752, 2293
17753, 2293
17754, 2293
17755, 2293
17756, 2293
17757, 2293
17758, 2293
17759, 2293
17760, 2293
17761, 2293
17762, 2137
17763, 2137
17764, 2137
17765, 2137
17766, 2137
17767, 2137
17768, 2137
17769, 2293
17770, 2293
17771, 2293
17772, 2293
17773, 2293
17774, 2293
17775, 2293
17776, 2293
17777, 2293
17778, 2293
17779, 2293
17780, 2293
17781, 2293
17782, 2293
17783, 2293
17784, 2293
17785, 2293
17786, 2293
17787, 2137
17788, 2137
17789, 2137
17790, 2137
17791, 2293
17792, 2293
17793, 2293
17794, 2293
17795, 2293
17796, 2293
17797, 2293
17798, 2293
17799, 2293
17800, 2293
17801, 2293
17802, 2293
17803, 2293
17804, 2293
17805, 2293
17806, 2293
17807, 2293
17808, 2293
17809, 2293
17810, 2293
17811, 2293
17812, 2293
17813, 2099
17814, 2099
17815, 2099
17816, 2099
17817, 2099
17818, 2293
17819, 2293
17820, 2293
17821, 2293
17822, 2293
17823, 2293
17824, 2293
17825, 2293
17826, 2293
17827, 2293
17828, 2293
17829, 2293
17830, 2293
17831, 2293
17832, 2293
17833, 2293
17834, 2293
17835, 2293
17836, 2293
17837, 2293
17838, 2099
17839, 2099
17840, 2099
17841, 2099
17842, 2099
17843, 2099
17844, 2099
17845, 2099
17846, 2099
17847, 2099
17848, 2177
17849, 2177
17850, 2177
17851, 2177
17852, 2099
17853, 2177
17854, 2177
17855, 2177
17856, 2177
17857, 2177
17858, 2177
17859, 2099
17860, 2099
17861, 2099
17862, 2099
17863, 2177
17864, 2177
17865, 2177
17866, 2177
17867, 2177
17868, 2177
17869, 2177
17870, 2177
17871, 2177
17872, 2177
17873, 2177
17874, 2177
17875, 2177
17876, 2177
17877, 2177
17878, 2177
17879, 2177
17880, 2177
17881, 2177
17882, 2177
17883, 2177
17884, 2177
17885, 2177
17886, 2177
17887, 2177
17888, 2177
17889, 2177
17890, 2177
17891, 2177
17892, 2177
17893, 2177
17894, 2177
17895, 2177
17896, 2177
17897, 2177
17898, 2177
17899, 2177
17900, 2177
17901, 2177
17902, 2177
17903, 2177
17904, 2177
17905, 2177
17906, 2177
17907, 2177
17908, 2177
17909, 2177
17910, 2177
17911, 2177
17912, 2177
17913, 2177
17914, 2177
17915, 2177
17916, 2177
17917, 2177
17918, 2177
17919, 2177
17920, 2177
17921, 2177
17922, 2177
17923, 2177
17924, 2177
17925, 2177
17926, 2177
17927, 2177
17928, 2177
17929, 2177
17930, 2177
17931, 2177
17932, 2177
17933, 2177
17934, 2177
17935, 2177
17936, 2177
17937, 2177
17938, 2177
17939, 2177
17940, 2177
17941, 2177
17942, 2177
17943, 2177
17944, 2177
17945, 2177
17946, 2177
17947, 2177
17948, 2177
17949, 2177
17950, 2177
17951, 2177
17952, 2177
17953, 2177
17954, 2177
17955, 2177
17956, 2177
17957, 2177
17958, 2177
17959, 2099
17960, 2099
17961, 2177
17962, 2177
17963, 2177
17964, 2177
17965, 2177
17966, 2177
17967, 2177
17968, 2177
17969, 2177
17970, 2177
17971, 2177
17972, 2177
17973, 2177
17974, 2177
17975, 2177
17976, 2177
17977, 2177
17978, 2177
17979, 2177
17980, 2177
17981, 2177
17982, 2177
17983, 2177
17984, 2177
17985, 2177
17986, 2177
17987, 2177
17988, 2177
17989, 2177
17990, 2177
17991, 2177
17992, 2177
17993, 2177
17994, 2177
17995, 2177
17996, 2177
17997, 2177
17998, 2177
17999, 2177
18000, 2177
18001, 2177
18002, 2177
18003, 2177
18004, 2177
18005, 2177
18006, 2177
18007, 2177
18008, 2177
18009, 2177
18010, 2177
18011, 2177
18012, 2177
18013, 2177
18014, 2177
18015, 2177
18016, 2177
18017, 2177
18018, 2177
18019, 2177
18020, 2177
18021, 2177
18022, 2177
18023, 2177
18024, 2177
18025, 2177
18026, 2177
18027, 2177
18028, 2177
18029, 2177
18030, 2177
18031, 2177
18032, 2177
18033, 2177
18034, 2177
18035, 2177
18036, 2177
18037, 2177
18038, 2177
18039, 2177
18040, 2177
18041, 2177
18042, 2177
18043, 2177
18044, 2177
18045, 2177
18046, 2177
18047, 2177
18048, 2177
18049, 2099
18050, 2099
18051, 2099
18052, 2099
18053, 2099
18054, 2099
18055, 2293
18056, 2293
18057, 2293
18058, 2293
18059, 2293
18060, 2293
18061, 2293
18062, 2293
18063, 2293
18064, 2293
18065, 2293
18066, 2293
18067, 2293
18068, 2293
18069, 2293
18070, 2099
18071, 2099
18072, 2099
18073, 2099
18074, 2099
18075, 2099
18076, 2099
18077, 2099
18078, 2099
18079, 2099
18080, 2099
18081, 2099
18082, 2099
18083, 2099
18084, 2099
18085, 2099
18086, 2099
18087, 2099
18088, 2099
18089, 2099
18090, 2099
18091, 2099
18092, 2099
18093, 2177
18094, 2177
18095, 2177
18096, 2177
18097, 2177
18098, 2177
18099, 2177
18100, 2177
18101, 2177
18102, 2177
18103, 2177
18104, 2177
18105, 2177
18106, 2177
18107, 2177
18108, 2177
18109, 2177
18110, 2177
18111, 2177
18112, 2177
18113, 2099
18114, 2099
18115, 2099
18116, 2099
18117, 2099
18118, 2099
18119, 2099
18120, 2099
18121, 2099
18122, 2099
18123, 2099
18124, 2099
18125, 2099
18126, 2099
18127, 2099
18128, 2099
18129, 2293
18130, 2293
18131, 2293
18132, 2293
18133, 2293
18134, 2293
18135, 2293
18136, 2293
18137, 2293
18138, 2099
18139, 2099
18140, 2099
18141, 2099
18142, 2099
18143, 2099
18144, 2099
18145, 2099
18146, 2099
18147, 2099
18148, 2099
18149, 2099
18150, 2099
18151, 2099
18152, 2099
18153, 2099
18154, 2099
18155, 2293
18156, 2293
18157, 2293
18158, 2293
18159, 2293
18160, 2293
18161, 2293
18162, 2293
18163, 2293
18164, 2293
18165, 2293
18166, 2293
18167, 2293
18168, 2293
18169, 2293
18170, 2293
18171, 2293
18172, 2293
18173, 2293
18174, 2293
18175, 2293
18176, 2293
18177, 2293
18178, 2293
18179, 2293
18180, 2293
18181, 2293
18182, 2099
18183, 2099
18184, 2099
18185, 2099
18186, 2099
18187, 2099
18188, 2099
18189, 2099
18190, 2099
18191, 2099
18192, 2099
18193, 2099
18194, 2099
18195, 2099
18196, 2099
18197, 2099
18198, 2099
18199, 2099
18200, 2099
18201, 2099
18202, 2099
18203, 2099
18204, 2099
18205, 2099
18206, 2099
18207, 2099
18208, 2099
18209, 2099
18210, 2099
18211, 2099
18212, 2099
18213, 2099
18214, 2099
18215, 2099
18216, 2099
18217, 2099
18218, 2099
18219, 2177
18220, 2177
18221, 2177
18222, 2177
18223, 2177
18224, 2177
18225, 2177
18226, 2177
18227, 2177
18228, 2177
18229, 2177
18230, 2177
18231, 2177
18232, 2177
18233, 2177
18234, 2177
18235, 2177
18236, 2177
18237, 2177
18238, 2177
18239, 2177
18240, 2177
18241, 2177
18242, 2177
18243, 2177
18244, 2177
18245, 2177
18246, 2177
18247, 2177
18248, 2177
18249, 2177
18250, 2177
18251, 2177
18252, 2177
18253, 2177
18254, 2177
18255, 2177
18256, 2177
18257, 2177
18258, 2177
18259, 2177
18260, 2177
18261, 2177
18262, 2177
18263, 2177
18264, 2177
18265, 2177
18266, 2177
18267, 2177
18268, 2177
18269, 2177
18270, 2177
18271, 2177
18272, 2177
18273, 2177
18274, 2177
18275, 2177
18276, 2177
18277, 2177
18278, 2177
18279, 2177
18280, 2177
18281, 2099
18282, 2099
18283, 2099
18284, 2099
18285, 2177
18286, 2177
18287, 2177
18288, 2177
18289, 2177
18290, 2177
18291, 2177
18292, 2177
18293, 2177
18294, 2177
18295, 2177
18296, 2177
18297, 2177
18298, 2177
18299, 2177
18300, 2177
18301, 2177
18302, 2177
18303, 2177
18304, 2177
18305, 2177
18306, 2177
18307, 2177
18308, 2177
18309, 2177
18310, 2177
18311, 2177
18312, 2177
18313, 2177
18314, 2177
18315, 2177
18316, 2177
18317, 2177
18318, 2177
18319, 2177
18320, 2177
18321, 2177
18322, 2177
18323, 2177
18324, 2177
18325, 2177
18326, 2177
18327, 2177
18328, 2177
18329, 2177
18330, 2177
18331, 2177
18332, 2177
18333, 2177
18334, 2177
18335, 2177
18336, 2177
18337, 2177
18338, 2099
18339, 2099
18340, 2099
18341, 2099
18342, 2099
18343, 2099
18344, 2099
18345, 2099
18346, 2099
18347, 2099
18348, 2099
18349, 2099
18350, 2099
18351, 2099
18352, 2293
18353, 2293
18354, 2137
18355, 2293
18356, 2137
18357, 2137
18358, 2137
18359, 2137
18360, 2137
18361, 2137
18362, 2137
18363, 2137
18364, 2137
18365, 2137
18366, 2137
18367, 2137
18368, 2137
18369, 2137
18370, 2137
18371, 2137
18372, 2137
18373, 2137
18374, 2137
18375, 2137
18376, 2137
18377, 2137
18378, 2137
18379, 2137
18380, 2137
18381, 2137
18382, 2137
18383, 2137
18384, 2137
18385, 2137
18386, 2137
18387, 2293
18388, 2293
18389, 2293
18390, 2293
18391, 2293
18392, 2293
18393, 2293
18394, 2293
18395, 2293
18396, 2099
18397, 2099
18398, 2099
18399, 2099
18400, 2177
18401, 2177
18402, 2177
18403, 2177
18404, 2177
18405, 2177
18406, 2177
18407, 2177
18408, 2177
18409, 2177
18410, 2177
18411, 2177
18412, 2177
18413, 2177
18414, 2177
18415, 2177
18416, 2177
18417, 2177
18418, 2177
18419, 2177
18420, 2177
18421, 2177
18422, 2177
18423, 2177
18424, 2177
18425, 2177
18426, 2177
18427, 2177
18428, 2177
18429, 2177
18430, 2177
18431, 2177
18432, 2177
18433, 2177
18434, 2177
18435, 2177
18436, 2177
18437, 2177
18438, 2177
18439, 2177
18440, 2177
18441, 2177
18442, 2177
18443, 2177
18444, 2177
18445, 2177
18446, 2177
18447, 2177
18448, 2177
18449, 2177
18450, 2177
18451, 2177
18452, 2177
18453, 2177
18454, 2177
18455, 2177
18456, 2177
18457, 2177
18458, 2177
18459, 2177
18460, 2177
18461, 2177
18462, 2177
18463, 2177
18464, 2177
18465, 2177
18466, 2177
18467, 2177
18468, 2177
18469, 2177
18470, 2177
18471, 2177
18472, 2177
18473, 2177
18474, 2177
18475, 2177
18476, 2177
18477, 2177
18478, 2177
18479, 2177
18480, 2177
18481, 2177
18482, 2177
18483, 2177
18484, 2177
18485, 2177
18486, 2177
18487, 2177
18488, 2177
18489, 2177
18490, 2177
18491, 2177
18492, 2177
18493, 2177
18494, 2177
18495, 2177
18496, 2177
18497, 2177
18498, 2177
18499, 2177
18500, 2177
18501, 2177
18502, 2177
18503, 2177
18504, 2177
18505, 2177
18506, 2177
18507, 2177
18508, 2177
18509, 2177
18510, 2177
18511, 2177
18512, 2177
18513, 2177
18514, 2177
18515, 2177
18516, 2177
18517, 2177
18518, 2177
18519, 2177
18520, 2099
18521, 2099
18522, 2099
18523, 2099
18524, 2099
18525, 2177
18526, 2177
18527, 2177
18528, 2099
18529, 2099
18530, 2177
18531, 2177
18532, 2177
18533, 2177
18534, 2177
18535, 2177
18536, 2177
18537, 2177
18538, 2177
18539, 2177
18540, 2177
18541, 2177
18542, 2177
18543, 2177
18544, 2177
18545, 2177
18546, 2177
18547, 2177
18548, 2177
18549, 2177
18550, 2177
18551, 2177
18552, 2177
18553, 2177
18554, 2177
18555, 2177
18556, 2177
18557, 2177
18558, 2177
18559, 2177
18560, 2177
18561, 2177
18562, 2177
18563, 2177
18564, 2177
18565, 2177
18566, 2177
18567, 2099
18568, 2177
18569, 2177
18570, 2177
18571, 2177
18572, 2177
18573, 2177
18574, 2177
18575, 2177
18576, 2177
18577, 2177
18578, 2099
18579, 2177
18580, 2177
18581, 2177
18582, 2177
18583, 2177
18584, 2177
18585, 2177
18586, 2177
18587, 2177
18588, 2177
18589, 2177
18590, 2177
18591, 2177
18592, 2177
18593, 2177
18594, 2177
18595, 2177
18596, 2177
18597, 2177
18598, 2177
18599, 2177
18600, 2177
18601, 2177
18602, 2177
18603, 2177
18604, 2177
18605, 2177
18606, 2177
18607, 2177
18608, 2177
18609, 2177
18610, 2177
18611, 2177
18612, 2177
18613, 2177
18614, 2177
18615, 2177
18616, 2177
18617, 2177
18618, 2177
18619, 2177
18620, 2177
18621, 2177
18622, 2177
18623, 2177
18624, 2177
18625, 2177
18626, 2177
18627, 2099
18628, 2099
18629, 2293
18630, 2293
18631, 2293
18632, 2293
18633, 2293
18634, 2293
18635, 2293
18636, 2293
18637, 2293
18638, 2293
18639, 2293
18640, 2293
18641, 2293
18642, 2293
18643, 2293
18644, 2293
18645, 2293
18646, 2293
18647, 2293
18648, 2293
18649, 2293
18650, 2293
18651, 2293
18652, 2293
18653, 2293
18654, 2293
18655, 2293
18656, 2293
18657, 2293
18658, 2293
18659, 2293
18660, 2293
18661, 2293
18662, 2293
18663, 2293
18664, 2293
18665, 2293
18666, 2293
18667, 2293
18668, 2137
18669, 2137
18670, 2137
18671, 2137
18672, 2137
18673, 2137
18674, 2137
18675, 2137
18676, 2293
18677, 2293
18678, 2293
18679, 2293
18680, 2293
18681, 2293
18682, 2293
18683, 2293
18684, 2293
18685, 2293
18686, 2293
18687, 2293
18688, 2293
18689, 2293
18690, 2293
18691, 2293
18692, 2293
18693, 2293
18694, 2293
18695, 2293
18696, 2293
18697, 2293
18698, 2293
18699, 2293
18700, 2293
18701, 2293
18702, 2293
18703, 2293
18704, 2293
18705, 2293
18706, 2293
18707, 2293
18708, 2293
18709, 2293
18710, 2293
18711, 2293
18712, 2293
18713, 2293
18714, 2293
18715, 2293
18716, 2293
18717, 2293
18718, 2293
18719, 2293
18720, 2293
18721, 2293
18722, 2293
18723, 2293
18724, 2293
18725, 2293
18726, 2293
18727, 2293
18728, 2293
18729, 2293
18730, 2293
18731, 2293
18732, 2137
18733, 2137
18734, 2137
18735, 2137
18736, 2137
18737, 2137
18738, 2137
18739, 2137
18740, 2137
18741, 2293
18742, 2293
18743, 2293
18744, 2293
18745, 2293
18746, 2293
18747, 2293
18748, 2293
18749, 2293
18750, 2293
18751, 2293
18752, 2293
18753, 2293
18754, 2293
18755, 2293
18756, 2293
18757, 2293
18758, 2293
18759, 2293
18760, 2293
18761, 2293
18762, 2293
18763, 2293
18764, 2293
18765, 2293
18766, 2293
18767, 2137
18768, 2137
18769, 2137
18770, 2137
18771, 2137
18772, 2137
18773, 2137
18774, 2137
18775, 2137
18776, 2137
18777, 2137
18778, 2137
18779, 2137
18780, 2137
18781, 2137
18782, 2137
18783, 2137
18784, 2137
18785, 2137
18786, 2293
18787, 2293
18788, 2293
18789, 2293
18790, 2293
18791, 2293
18792, 2293
18793, 2293
18794, 2293
18795, 2293
18796, 2293
18797, 2293
18798, 2293
18799, 2293
18800, 2293
18801, 2293
18802, 2293
18803, 2293
18804, 2293
18805, 2293
18806, 2293
18807, 2293
18808, 2293
18809, 2293
18810, 2293
18811, 2293
18812, 2293
18813, 2293
18814, 2293
18815, 2293
18816, 2293
18817, 2293
18818, 2293
18819, 2293
18820, 2293
18821, 2293
18822, 2293
18823, 2293
18824, 2293
18825, 2293
18826, 2293
18827, 2293
18828, 2293
18829, 2293
18830, 2293
18831, 2293
18832, 2293
18833, 2293
18834, 2293
18835, 2293
18836, 2293
18837, 2293
18838, 2293
18839, 2293
18840, 2293
18841, 2293
18842, 2293
18843, 2293
18844, 2293
18845, 2293
18846, 2293
18847, 2293
18848, 2293
18849, 2293
18850, 2293
18851, 2293
18852, 2293
18853, 2293
18854, 2293
18855, 2293
18856, 2293
18857, 2293
18858, 2293
18859, 2293
18860, 2293
18861, 2293
18862, 2293
18863, 2293
18864, 2293
18865, 2293
18866, 2293
18867, 2293
18868, 2293
18869, 2293
18870, 2293
18871, 2293
18872, 2293
18873, 2293
18874, 2293
18875, 2293
18876, 2293
18877, 2293
18878, 2293
18879, 2293
18880, 2293
18881, 2293
18882, 2293
18883, 2293
18884, 2293
18885, 2293
18886, 2293
18887, 2293
18888, 2293
18889, 2293
18890, 2293
18891, 2293
18892, 2293
18893, 2293
18894, 2293
18895, 2293
18896, 2293
18897, 2293
18898, 2293
18899, 2293
18900, 2293
18901, 2293
18902, 2293
18903, 2293
18904, 2293
18905, 2293
18906, 2293
18907, 2293
18908, 2293
18909, 2293
18910, 2293
18911, 2293
18912, 2293
18913, 2293
18914, 2293
18915, 2293
18916, 2293
18917, 2293
18918, 2293
18919, 2293
18920, 2293
18921, 2293
18922, 2293
18923, 2293
18924, 2293
18925, 2293
18926, 2293
18927, 2293
18928, 2293
18929, 2293
18930, 2293
18931, 2293
18932, 2293
18933, 2293
18934, 2293
18935, 2293
18936, 2293
18937, 2293
18938, 2293
18939, 2293
18940, 2293
18941, 2293
18942, 2293
18943, 2293
18944, 2293
18945, 2293
18946, 2293
18947, 2293
18948, 2293
18949, 2293
18950, 2293
18951, 2293
18952, 2293
18953, 2293
18954, 2293
18955, 2293
18956, 2293
18957, 2293
18958, 2293
18959, 2293
18960, 2293
18961, 2293
18962, 2293
18963, 2293
18964, 2293
18965, 2293
18966, 2293
18967, 2293
18968, 2293
18969, 2293
18970, 2293
18971, 2293
18972, 2293
18973, 2293
18974, 2293
18975, 2293
18976, 2293
18977, 2293
18978, 2293
18979, 2293
18980, 2293
18981, 2293
18982, 2293
18983, 2293
18984, 2293
18985, 2293
18986, 2293
18987, 2293
18988, 2293
18989, 2293
18990, 2293
18991, 2293
18992, 2293
18993, 2293
18994, 2293
18995, 2293
18996, 2293
18997, 2293
18998, 2293
18999, 2293
19000, 2293
19001, 2293
19002, 2293
19003, 2293
19004, 2293
19005, 2293
19006, 2293
19007, 2293
19008, 2293
19009, 2293
19010, 2293
19011, 2293
19012, 2293
19013, 2293
19014, 2293
19015, 2293
19016, 2293
19017, 2293
19018, 2293
19019, 2293
19020, 2293
19021, 2293
19022, 2293
19023, 2293
19024, 2293
19025, 2293
19026, 2293
19027, 2293
19028, 2293
19029, 2293
19030, 2293
19031, 2293
19032, 2293
19033, 2293
19034, 2293
19035, 2293
19036, 2293
19037, 2293
19038, 2293
19039, 2293
19040, 2293
19041, 2293
19042, 2293
19043, 2293
19044, 2293
19045, 2293
19046, 2293
19047, 2293
19048, 2293
19049, 2293
19050, 2293
19051, 2293
19052, 2293
19053, 2293
19054, 2293
19055, 2293
19056, 2293
19057, 2293
19058, 2293
19059, 2293
19060, 2293
19061, 2293
19062, 2293
19063, 2293
19064, 2293
19065, 2293
19066, 2293
19067, 2293
19068, 2293
19069, 2293
19070, 2293
19071, 2293
19072, 2293
19073, 2293
19074, 2293
19075, 2293
19076, 2293
19077, 2293
19078, 2293
19079, 2293
19080, 2293
19081, 2293
19082, 2293
19083, 2293
19084, 2293
19085, 2293
19086, 2293
19087, 2293
19088, 2293
19089, 2293
19090, 2293
19091, 2293
19092, 2293
19093, 2293
19094, 2293
19095, 2293
19096, 2293
19097, 2293
19098, 2293
19099, 2293
19100, 2293
19101, 2293
19102, 2293
19103, 2293
19104, 2293
19105, 2293
19106, 2293
19107, 2293
19108, 2293
19109, 2293
19110, 2293
19111, 2293
19112, 2293
19113, 2293
19114, 2293
19115, 2293
19116, 2293
19117, 2293
19118, 2293
19119, 2293
19120, 2293
19121, 2293
19122, 2293
19123, 2293
19124, 2293
19125, 2293
19126, 2293
19127, 2293
19128, 2293
19129, 2293
19130, 2293
19131, 2293
19132, 2293
19133, 2293
19134, 2293
19135, 2293
19136, 2293
19137, 2293
19138, 2293
19139, 2293
19140, 2293
19141, 2293
19142, 2293
19143, 2293
19144, 2293
19145, 2293
19146, 2293
19147, 2293
19148, 2293
19149, 2293
19150, 2293
19151, 2293
19152, 2293
19153, 2293
19154, 2293
19155, 2293
19156, 2293
19157, 2293
19158, 2293
19159, 2293
19160, 2293
19161, 2293
19162, 2293
19163, 2293
19164, 2293
19165, 2293
19166, 2293
19167, 2293
19168, 2293
19169, 2293
19170, 2293
19171, 2293
19172, 2293
19173, 2293
19174, 2293
19175, 2293
19176, 2293
19177, 2293
19178, 2293
19179, 2293
19180, 2293
19181, 2293
19182, 2293
19183, 2293
19184, 2293
19185, 2293
19186, 2293
19187, 2293
19188, 2293
19189, 2293
19190, 2293
19191, 2293
19192, 2293
19193, 2293
19194, 2293
19195, 2293
19196, 2293
19197, 2293
19198, 2293
19199, 2293
19200, 2293
19201, 2293
19202, 2293
19203, 2293
19204, 2293
19205, 2293
19206, 2293
19207, 2293
19208, 2293
19209, 2293
19210, 2293
19211, 2293
19212, 2293
19213, 2293
19214, 2293
19215, 2293
19216, 2293
19217, 2293
19218, 2293
19219, 2293
19220, 2293
19221, 2293
19222, 2293
19223, 2293
19224, 2293
19225, 2293
19226, 2293
19227, 2293
19228, 2293
19229, 2293
19230, 2293
19231, 2293
19232, 2293
19233, 2293
19234, 2293
19235, 2293
19236, 2293
19237, 2293
19238, 2293
19239, 2293
19240, 2293
19241, 2293
19242, 2293
19243, 2293
19244, 2293
19245, 2293
19246, 2293
19247, 2293
19248, 2293
19249, 2293
19250, 2293
19251, 2293
19252, 2293
19253, 2293
19254, 2293
19255, 2293
19256, 2293
19257, 2293
19258, 2293
19259, 2293
19260, 2293
19261, 2293
19262, 2293
19263, 2293
19264, 2293
19265, 2293
19266, 2293
19267, 2293
19268, 2293
19269, 2293
19270, 2293
19271, 2293
19272, 2293
19273, 2293
19274, 2293
19275, 2293
19276, 2293
19277, 2293
19278, 2293
19279, 2293
19280, 2293
19281, 2293
19282, 2293
19283, 2293
19284, 2293
19285, 2293
19286, 2293
19287, 2293
19288, 2293
19289, 2293
19290, 2293
19291, 2293
19292, 2293
19293, 2293
19294, 2293
19295, 2293
19296, 2293
19297, 2293
19298, 2293
19299, 2293
19300, 2293
19301, 2293
19302, 2293
19303, 2293
19304, 2293
19305, 2293
19306, 2293
19307, 2293
19308, 2293
19309, 2293
19310, 2293
19311, 2293
19312, 2293
19313, 2293
19314, 2293
19315, 2293
19316, 2293
19317, 2293
19318, 2293
19319, 2293
19320, 2293
19321, 2293
19322, 2293
19323, 2293
19324, 2293
19325, 2293
19326, 2293
19327, 2293
19328, 2293
19329, 2293
19330, 2293
19331, 2293
19332, 2293
19333, 2293
19334, 2293
19335, 2293
19336, 2293
19337, 2293
19338, 2293
19339, 2293
19340, 2293
19341, 2293
19342, 2293
19343, 2293
19344, 2293
19345, 2293
19346, 2293
19347, 2293
19348, 2293
19349, 2293
19350, 2293
19351, 2293
19352, 2293
19353, 2293
19354, 2293
19355, 2293
19356, 2293
19357, 2293
19358, 2293
19359, 2293
19360, 2293
19361, 2293
19362, 2293
19363, 2293
19364, 2293
19365, 2293
19366, 2293
19367, 2293
19368, 2293
19369, 2293
19370, 2293
19371, 2293
19372, 2293
19373, 2293
19374, 2293
19375, 2293
19376, 2293
19377, 2293
19378, 2293
19379, 2293
19380, 2293
19381, 2293
19382, 2293
19383, 2293
19384, 2293
19385, 2293
19386, 2293
19387, 2293
19388, 2293
19389, 2293
19390, 2293
19391, 2293
19392, 2293
19393, 2293
19394, 2293
19395, 2293
19396, 2293
19397, 2293
19398, 2293
19399, 2293
19400, 2293
19401, 2293
19402, 2293
19403, 2293
19404, 2293
19405, 2293
19406, 2293
19407, 2293
19408, 2293
19409, 2293
19410, 2293
19411, 2293
19412, 2293
19413, 2293
19414, 2293
19415, 2293
19416, 2293
19417, 2293
19418, 2293
19419, 2293
19420, 2293
19421, 2293
19422, 2293
19423, 2293
19424, 2293
19425, 2293
19426, 2293
19427, 2293
19428, 2293
19429, 2293
19430, 2293
19431, 2293
19432, 2293
19433, 2293
19434, 2293
19435, 2293
19436, 2293
19437, 2293
19438, 2293
19439, 2293
19440, 2293
19441, 2293
19442, 2293
19443, 2293
19444, 2293
19445, 2293
19446, 2293
19447, 2293
19448, 2293
19449, 2293
19450, 2293
19451, 2293
19452, 2293
19453, 2293
19454, 2293
19455, 2293
19456, 2293
19457, 2293
19458, 2293
19459, 2293
19460, 2293
19461, 2293
19462, 2293
19463, 2293
19464, 2293
19465, 2293
19466, 2293
19467, 2293
19468, 2293
19469, 2293
19470, 2293
19471, 2293
19472, 2293
19473, 2293
19474, 2293
19475, 2293
19476, 2293
19477, 2293
19478, 2293
19479, 2293
19480, 2293
19481, 2293
19482, 2293
19483, 2293
19484, 2293
19485, 2293
19486, 2293
19487, 2293
19488, 2293
19489, 2293
19490, 2293
19491, 2293
19492, 2293
19493, 2293
19494, 2293
19495, 2293
19496, 2293
19497, 2293
19498, 2293
19499, 2293
